-- COMPANY TABLE
INSERT INTO company (company_name, image_url) VALUES
('Tata Consultancy Services', 'https://logo.clearbit.com/tcs.com'),
('Infosys', 'https://logo.clearbit.com/infosys.com'),
('Wipro', 'https://logo.clearbit.com/wipro.com'),
('HCL Technologies', 'https://logo.clearbit.com/hcltech.com'),
('Reliance Industries', 'https://logo.clearbit.com/relianceindustries.com'),
('Mahindra & Mahindra', 'https://logo.clearbit.com/mahindra.com'),
('Bajaj Auto', 'https://logo.clearbit.com/bajajauto.com'),
('Maruti Suzuki India', 'https://logo.clearbit.com/marutisuzuki.com'),
('Aditya Birla Group', 'https://logo.clearbit.com/adityabirla.com'),
('ICICI Bank', 'https://logo.clearbit.com/icicibank.com'),
('HDFC Bank', 'https://logo.clearbit.com/hdfcbank.com'),
('State Bank of India', 'https://logo.clearbit.com/sbi.co.in'),
('Axis Bank', 'https://logo.clearbit.com/axisbank.com'),
('Flipkart', 'https://logo.clearbit.com/flipkart.com'),
('Amazon India', 'https://logo.clearbit.com/amazon.in'),
('Paytm', 'https://logo.clearbit.com/paytm.com'),
('Ola Cabs', 'https://logo.clearbit.com/olacabs.com'),
('Zomato', 'https://logo.clearbit.com/zomato.com'),
('Swiggy', 'https://logo.clearbit.com/swiggy.com'),
('Dr. Reddy''s Laboratories', 'https://logo.clearbit.com/drreddys.com'),
('Sun Pharmaceutical', 'https://logo.clearbit.com/sunpharma.com'),
('Biocon', 'https://logo.clearbit.com/biocon.com'),
('Bharat Forge', 'https://logo.clearbit.com/bharatforge.com'),
('Larsen & Toubro', 'https://logo.clearbit.com/larsentoubro.com'),
('Godrej Group', 'https://logo.clearbit.com/godrej.com'),
('ITC Limited', 'https://logo.clearbit.com/itcportal.com'),
('Asian Paints', 'https://logo.clearbit.com/asianpaints.com'),
('Nestle India', 'https://logo.clearbit.com/nestle.in'),
('Cipla', 'https://logo.clearbit.com/cipla.com'),
('Havells India', 'https://logo.clearbit.com/havells.com'),
('Hero MotoCorp', 'https://logo.clearbit.com/heromotocorp.com'),
('Tata Steel', 'https://logo.clearbit.com/tatasteel.com'),
('JSW Steel', 'https://logo.clearbit.com/jsw.in'),
('Bajaj Finserv', 'https://logo.clearbit.com/bajajfinserv.in'),
('Kotak Mahindra Bank', 'https://logo.clearbit.com/kotak.com'),
('Mahindra Logistics', 'https://logo.clearbit.com/mahindra.com'),
('Amazon Web Services', 'https://logo.clearbit.com/aws.amazon.com'),
('Google India', 'https://logo.clearbit.com/google.co.in'),
('Microsoft India', 'https://logo.clearbit.com/microsoft.com'),
('Adobe India', 'https://logo.clearbit.com/adobe.com'),
('Siemens India', 'https://logo.clearbit.com/siemens.com'),
('Bosch India', 'https://logo.clearbit.com/bosch.in'),
('Schneider Electric India', 'https://logo.clearbit.com/se.com'),
('Uber India', 'https://logo.clearbit.com/uber.com'),
('Philips India', 'https://logo.clearbit.com/philips.com'),
('Walmart India', 'https://logo.clearbit.com/walmart.com'),
('Tata Power', 'https://logo.clearbit.com/tatapower.com'),
('Reliance Jio', 'https://logo.clearbit.com/jio.com'),
('BYJU\'s', 'https://logo.clearbit.com/byjus.com'),
('MakeMyTrip', 'https://logo.clearbit.com/makemytrip.com'),
('BigBasket', 'https://logo.clearbit.com/bigbasket.com');

-- INTERNSHIP TABLE
INSERT INTO internship(id, addressline1,
addressline2, appliedcount, benefits,
block, description,
district, duration, field,
maxstipend, minstipend, postalcode, postingtime,
sector, state, title,
totalcount, village, companyid)
VALUES
  (
    1, '2nd Floor, Electronics Park',
    'Phase 1', 5, 'Certificate, Stipend',
    'Block A', 'Embedded systems intern supporting sensor integration and firmware validation.',
    'Bengaluru Urban', '6 months', 'Embedded Systems',
    15000, 8000, '560102', '2025-08-01 09:30:00.000000',
    'Technology', 'Karnataka', 'Embedded Systems Intern',
    3, 'Koramangala', 1
  ),
  (
    2, 'SDF Tower', 'IT Hub', 12, 'Certificate, Transport Allowance',
    'Block B', 'Frontend development internship to build dashboards using React and REST APIs.',
    'Bengaluru Urban', '3 months', 'Frontend Development',
    12000, 5000, '560066', '2025-08-05 10:00:00.000000',
    'Technology', 'Karnataka', 'Frontend Developer Intern',
    6, 'Whitefield', 2
  ),
  (
    3, 'Plant 3', 'Production Area', 3,
    'PPE Provided', 'Block C', 'Quality control intern for assembly line testing and reports.',
    'Pune', '4 months', 'Quality Assurance',
    9000, 6000, '412207', '2025-07-25 11:15:00.000000',
    'Manufacturing', 'Maharashtra',
    'Quality Assurance Intern', 4, 'Wagholi',
    3
  ),
  (
    4, 'R&D Building', 'Lab 2', 7, 'Travel allowance',
    'Block D', 'Clinical research support: data entry and lab sample tracking.',
    'Hyderabad', '6 months', 'Clinical Research',
    16000, 10000, '500081', '2025-08-10 09:00:00.000000',
    'Pharma', 'Telangana', 'Clinical Research Intern',
    5, 'Madhapur', 20
  ),
  (
    5, 'Corporate Office', 'Floor 5',
    20, 'Certificate, Exposure to Banking',
    'Block E', 'Finance intern supporting loan analytics and MIS reports.',
    'Mumbai', '3 months', 'Finance',
    18000, 8000, '400093', '2025-08-12 14:00:00.000000',
    'Banking', 'Maharashtra', 'Finance Intern',
    10, 'Andheri', 11
  ),
  (
    6, 'Design Studio', 'Room 12', 4, 'Mentorship',
    'Block F', 'UI/UX design internship creating high-fidelity prototypes for mobile apps.',
    'Gurgaon', '2 months', 'UI/UX', 10000,
    6000, '122002', '2025-08-20 10:30:00.000000',
    'Design', 'Haryana', 'UI/UX Designer Intern',
    3, 'DLF Phase 2', 36
  ),
  (
    7, 'Warehouse', 'Logistics Bay', 9,
    'Travel allowance, certificate',
    'Block G', 'Logistics intern: assist in warehousing operations and inventory reconciliation.',
    'Bengaluru Rural', '4 months', 'Logistics',
    8000, 4000, '560058', '2025-08-22 11:00:00.000000',
    'Logistics', 'Karnataka', 'Logistics Intern',
    8, 'Peenya', 35
  ),
  (
    8, 'Food Tech Lab', 'Kitchen 1', 6,
    'Meals, Certificate', 'Block H',
    'Food technology internship: new product trial, sensory evaluation.',
    'Kolkata', '3 months', 'Food Technology',
    12000, 6000, '700064', '2025-08-18 09:45:00.000000',
    'Food & Beverage', 'West Bengal',
    'Food Technology Intern', 6, 'Salt Lake',
    28
  ),
  (
    9, 'Corporate HQ', 'CSR Unit', 2, 'Certificate',
    'Block I', 'CSR intern coordinating rural development outreach programs.',
    'Ahmedabad', '6 months', 'Social Development',
    7000, 3000, '380060', '2025-08-30 09:00:00.000000',
    'Corporate', 'Gujarat', 'CSR Intern',
    2, 'Gota', 9
  ),
  (
    10, 'Retail Outlet', 'Store 11', 25,
    'Employee discount', 'Block J',
    'Retail operations intern: store merchandising and POS operations.',
    'Bengaluru', '2 months', 'Retail',
    7000, 4000, '560025', '2025-09-01 10:00:00.000000',
    'Retail', 'Karnataka', 'Retail Operations Intern',
    15, 'Brigade Road', 14
  ),
  (
    11, 'Tech Park', 'Dev Wing', 8, 'Stipend, Certification',
    'Block K', 'Backend intern: Node.js microservices and database integration.',
    'Chennai', '3 months', 'Backend Development',
    15000, 7000, '600097', '2025-08-03 09:00:00.000000',
    'Technology', 'Tamil Nadu', 'Backend Engineer Intern',
    7, 'OMR', 36
  ),
  (
    12, 'Marketing Office', 'Floor 3',
    11, 'Letter of Recommendation',
    'Block L', 'Digital marketing intern working on SEO & social campaigns.',
    'New Delhi', '2 months', 'Digital Marketing',
    10000, 5000, '110001', '2025-08-06 11:30:00.000000',
    'Marketing', 'Delhi', 'Digital Marketing Intern',
    10, 'CP', 15
  ),
  (
    13, 'Rural Clinic', 'Health Hub',
    3, 'Stipend, Travel', 'Block M',
    'Community health intern assisting with vaccination drives and records.',
    'Patna', '4 months', 'Public Health',
    6000, 3000, '800020', '2025-08-15 08:30:00.000000',
    'Healthcare', 'Bihar', 'Public Health Intern',
    3, 'Kankarbagh', 20
  ),
  (
    14, 'Agri Research Unit', 'Field Lab',
    5, 'Field training, certificate',
    'Block N', 'Agronomy intern: assist with crop trials and data logging.',
    'Anantapur', '6 months', 'Agronomy',
    8000, 4000, '515001', '2025-07-28 09:00:00.000000',
    'Agriculture', 'Andhra Pradesh',
    'Agronomy Intern', 4, 'Rural', 33
  ),
  (
    15, 'Manufacturing Plant', 'Assembly A',
    14, 'Hands-on training', 'Block O',
    'Production intern: assist with process optimization and Kaizen activities.',
    'Jamshedpur', '5 months', 'Manufacturing',
    11000, 6000, '831001', '2025-08-02 09:00:00.000000',
    'Manufacturing', 'Jharkhand', 'Production Intern',
    9, 'Industrial Area', 24
  ),
  (
    16, 'Clinical Lab', 'Sample Unit',
    4, 'Exposure to R&D', 'Block P',
    'Pharma R&D intern supporting documentation and assay setup.',
    'Hyderabad', '6 months', 'Pharma R&D',
    20000, 12000, '500032', '2025-08-11 09:00:00.000000',
    'Pharma', 'Telangana', 'R&D Intern',
    4, 'Gachibowli', 21
  ),
  (
    17, 'Tech Innovation Hub', 'AI Lab',
    10, 'Stipend, Mentorship', 'Block Q',
    'ML intern for model development and data labeling for recommendation systems.',
    'Bengaluru', '6 months', 'Machine Learning',
    22000, 10000, '560100', '2025-08-07 10:00:00.000000',
    'Technology', 'Karnataka', 'ML Research Intern',
    12, 'Electronic City', 38
  ),
  (
    18, 'Customer Success', 'Support Floor',
    30, 'Learning, Letter', 'P Block',
    'Customer support intern handling queries and escalation for product users.',
    'Noida', '3 months', 'Customer Support',
    7000, 4000, '201309', '2025-08-14 09:30:00.000000',
    'Services', 'Uttar Pradesh', 'Customer Support Intern',
    20, 'Sector 62', 15
  ),
  (
    19, 'Design Lab', 'Studio 4', 2, 'Stipend',
    'Q Block', 'Packaging design intern working on FMCG packaging and sustainability.',
    'Mumbai', '4 months', 'Packaging Design',
    9000, 5000, '400013', '2025-08-25 10:00:00.000000',
    'FMCG', 'Maharashtra', 'Packaging Design Intern',
    2, 'Lower Parel', 26
  ),
  (
    20, 'Sales Office', 'Regional', 17,
    'Commission, Certificate', 'R Block',
    'Sales intern: market surveys and field sales for retail expansion.',
    'Lucknow', '2 months', 'Sales', 10000,
    5000, '226001', '2025-08-29 09:00:00.000000',
    'Sales', 'Uttar Pradesh', 'Sales Trainee Intern',
    15, 'Hazratganj', 14
  ),
  (
    21, 'Energy Plant', 'Operation Floor',
    5, 'Safety Training', 'S Block',
    'Energy intern assisting with solar plant maintenance and monitoring.',
    'Jodhpur', '6 months', 'Renewable Energy',
    14000, 8000, '342001', '2025-08-04 09:00:00.000000',
    'Energy', 'Rajasthan', 'Solar Operations Intern',
    4, 'Industrial Estate', 50
  ),
  (
    22, 'Logistics Hub', 'Dispatch Bay',
    9, 'Certificate', 'T Block', 'Dispatch operations intern coordinating last-mile deliveries and route planning.',
    'Kochi', '3 months', 'Logistics',
    8000, 4000, '682009', '2025-08-09 09:30:00.000000',
    'Logistics', 'Kerala', 'Dispatch Coordinator Intern',
    7, 'Willington Island', 35
  ),
  (
    23, 'Research Wing', 'Lab 8', 6, 'Travel Allowance',
    'U Block', 'Clinical data analyst intern processing trial data for regulatory submissions.',
    'Mumbai', '5 months', 'Clinical Data',
    18000, 10000, '400050', '2025-07-30 09:00:00.000000',
    'Pharma', 'Maharashtra', 'Clinical Data Intern',
    5, 'Bandra', 20
  ),
  (
    24, 'Start-up Space', 'Co-Work 5',
    4, 'Equity Consideration', 'V Block',
    'Product management intern aiding in roadmap and user research.',
    'Bengaluru', '3 months', 'Product Management',
    12000, 7000, '560001', '2025-08-13 09:30:00.000000',
    'Startup', 'Karnataka', 'Product Intern',
    4, 'MG Road', 34
  ),
  (
    25, 'Testing Center', 'Lab C', 3, 'Certificate, Training',
    'W Block', 'Automotive testing intern for sensor validation and durability tests.',
    'Chennai', '4 months', 'Automotive Testing',
    14000, 7000, '600032', '2025-08-16 09:00:00.000000',
    'Automobile', 'Tamil Nadu', 'Automotive Testing Intern',
    3, 'Guindy', 31
  ),
  (
    26, 'E-commerce Office', 'Vendor Mgmt',
    20, 'Employee discount', 'X Block',
    'Vendor onboarding intern supporting seller integration and KYC.',
    'Gurgaon', '2 months', 'E-commerce Operations',
    8000, 4000, '122001', '2025-08-21 10:00:00.000000',
    'E-commerce', 'Haryana', 'Vendor Operations Intern',
    12, 'Sohna Road', 14
  ),
  (
    27, 'Hospital', 'Ward 5', 5, 'Accommodation',
    'Y Block', 'Clinical intern assisting with patient rounds and health records.',
    'Thiruvananthapuram', '6 months',
    'Clinical', 10000, 6000, '695011',
    '2025-08-17 09:00:00.000000', 'Healthcare',
    'Kerala', 'Clinical Intern', 5, 'Medical College Area',
    20
  ),
  (
    28, 'Agritech Lab', 'Field Unit',
    7, 'Field Training', 'Z Block', 'Agri-tech intern building sensor-based farm monitoring prototypes.',
    'Coimbatore', '4 months', 'Agritech',
    12000, 7000, '641014', '2025-08-24 09:00:00.000000',
    'Agriculture', 'Tamil Nadu', 'Agri-Tech Intern',
    6, 'Kupandapalayam', 33
  ),
  (
    29, 'R&D Center', 'Material Lab',
    3, 'Stipend, Certificate', 'AA Block',
    'Materials intern for steel alloy composition testing and lab reports.',
    'Jamshedpur', '6 months', 'Materials Science',
    15000, 9000, '831002', '2025-08-27 09:00:00.000000',
    'Steel', 'Jharkhand', 'Materials Research Intern',
    3, 'Tatanagar', 30
  ),
  (
    30, 'Legal Office', 'Counsel Wing',
    2, 'Stipend, Exposure', 'AB Block',
    'Legal internship assisting with contract review and compliance.',
    'Mumbai', '3 months', 'Legal', 12000,
    7000, '400021', '2025-08-28 09:00:00.000000',
    'Legal', 'Maharashtra', 'Legal Intern',
    2, 'Nariman Point', 8
  ),
  (
    31, 'Analytics Unit', 'Data Floor',
    11, 'Certificate, mentorship', 'AC Block',
    'Business analytics intern: dashboards and cohort analysis for product teams.',
    'Pune', '4 months', 'Business Analytics',
    16000, 9000, '411057', '2025-08-19 09:00:00.000000',
    'Analytics', 'Maharashtra', 'Business Analytics Intern',
    10, 'Hinjewadi', 11
  ),
  (
    32, 'CSR Office', 'Field Ops', 4, 'Travel Allowance',
    'AD Block', 'Rural internship designing skilling programs for smallholder farmers.',
    'Bhopal', '6 months', 'Rural Development',
    7000, 3000, '462016', '2025-08-23 09:00:00.000000',
    'Social', 'Madhya Pradesh', 'Field Program Intern',
    3, 'Raisen Road', 9
  ),
  (
    33, 'Product Lab', 'Mobile Dev', 8,
    'Stipend, mentorship', 'AE Block',
    'Mobile app intern building Flutter cross-platform features and testing.',
    'Bengaluru', '3 months', 'Mobile Development',
    13000, 7000, '560004', '2025-08-26 10:00:00.000000',
    'Technology', 'Karnataka', 'Flutter Developer Intern',
    7, 'Basavanagudi', 38
  ),
  (
    34, 'Retail HQ', 'Buyer Desk', 6, 'Exposure to category mgmt',
    'AF Block', 'Merchandising intern analyzing SKU performance and planograms.',
    'Surat', '2 months', 'Merchandising',
    8000, 5000, '395002', '2025-08-31 09:00:00.000000',
    'Retail', 'Gujarat', 'Merchandising Intern',
    6, 'Ring Road', 26
  ),
  (
    35, 'Industrial Lab', 'Process Unit',
    5, 'Stipend, Training', 'AG Block',
    'Process intern for chemical plant operations and safety audits.',
    'Vadodara', '5 months', 'Chemical Engineering',
    14000, 8000, '390012', '2025-07-31 09:00:00.000000',
    'Chemicals', 'Gujarat', 'Process Engineering Intern',
    5, 'GIDC', 20
  ),
  (
    36, 'Rural Clinic', 'Field Office',
    3, 'Travel Allowance', 'AH Block',
    'Nutrition intern focusing on community diet assessments and counseling.',
    'Raipur', '4 months', 'Nutrition',
    7000, 3000, '492001', '2025-08-08 09:00:00.000000',
    'Healthcare', 'Chhattisgarh', 'Nutrition Intern',
    3, 'Civil Lines', 20
  ),
  (
    37, 'AI Lab', 'Research Wing', 9, 'Stipend, Mentorship',
    'AI Block', 'NLP intern for text classification, data augmentation and evaluation.',
    'Hyderabad', '6 months', 'NLP', 22000,
    10000, '500081', '2025-08-01 09:00:00.000000',
    'AI', 'Telangana', 'NLP Research Intern',
    7, 'Hitec City', 38
  ),
  (
    38, 'Operations HQ', 'Client Services',
    18, 'Certificate', 'AJ Block', 'Operations intern: SLA monitoring, vendor coordination and reporting.',
    'Bengaluru', '3 months', 'Operations',
    8000, 4000, '560043', '2025-08-05 09:00:00.000000',
    'Services', 'Karnataka', 'Operations Intern',
    13, 'Kalyan Nagar', 15
  ),
  (
    39, 'Testing Facility', 'QA Lab',
    4, 'Stipend, Letter', 'AK Block',
    'Software QA intern for automated test scripts using Selenium.',
    'Noida', '3 months', 'QA', 10000,
    6000, '201301', '2025-08-10 10:00:00.000000',
    'Technology', 'Uttar Pradesh', 'QA Automation Intern',
    5, 'Sector 18', 2
  ),
  (
    40, 'Investor Relations', 'Office 7',
    2, 'Exposure to finance team', 'AL Block',
    'Investor research intern preparing pitch decks and market research.',
    'Mumbai', '2 months', 'Finance Research',
    15000, 8000, '400021', '2025-08-12 09:00:00.000000',
    'Finance', 'Maharashtra', 'IR Analyst Intern',
    2, 'Nariman Point', 11
  ),
  (
    41, 'Sustainability Office', 'Green Unit',
    3, 'Certificate, Field Visits',
    'AM Block', 'Sustainability intern: carbon footprint assessment and reporting.',
    'Pune', '4 months', 'Sustainability',
    12000, 7000, '411045', '2025-08-14 09:30:00.000000',
    'Corporate', 'Maharashtra', 'Sustainability Intern',
    3, 'Baner', 30
  ),
  (
    42, 'Manufacturing Plant', 'Tool Room',
    6, 'Hands-on Training', 'AN Block',
    'Tool design intern for jigs and fixtures CAD design.',
    'Chennai', '5 months', 'Mechanical Design',
    11000, 6000, '600098', '2025-08-16 09:00:00.000000',
    'Manufacturing', 'Tamil Nadu', 'Mechanical Design Intern',
    6, 'Ambattur', 3
  ),
  (
    43, 'Clinical Trials', 'Trial Unit',
    2, 'Stipend, Ethics exposure', 'AO Block',
    'Clinical trials intern coordinating patient consent and trial logistics.',
    'Bengaluru', '6 months', 'Clinical Trials',
    18000, 10000, '560041', '2025-08-18 09:00:00.000000',
    'Pharma', 'Karnataka', 'Clinical Trials Intern',
    2, 'Jayanagar', 20
  ),
  (
    44, 'Policy Lab', 'Research Unit',
    4, 'Mentorship', 'AP Block', 'Policy research intern analyzing urban policy case studies and datasets.',
    'New Delhi', '3 months', 'Public Policy',
    10000, 6000, '110003', '2025-08-20 09:00:00.000000',
    'Policy', 'Delhi', 'Policy Research Intern',
    3, 'Habitat Centre', 29
  ),
  (
    45, 'Hardware Lab', 'Prototype Bay',
    3, 'Stipend, Prototype tools', 'AQ Block',
    'IoT intern building end-to-end sensor-to-cloud prototypes.',
    'Bengaluru', '4 months', 'IoT', 14000,
    8000, '560078', '2025-08-22 09:00:00.000000',
    'Technology', 'Karnataka', 'IoT Intern',
    3, 'JP Nagar', 1
  ),
  (
    46, 'Brand Office', 'Creative Hub',
    7, 'Stipend, Exposure', 'AR Block',
    'Brand intern: campaign ideation, social strategy and content calendars.',
    'Mumbai', '2 months', 'Brand Management',
    12000, 7000, '400051', '2025-08-24 09:30:00.000000',
    'Marketing', 'Maharashtra', 'Brand Intern',
    6, 'BKC', 26
  ),
  (
    47, 'Analytics Lab', 'BI Unit', 5,
    'Certificate', 'AS Block', 'BI intern creating ETL pipelines and PowerBI dashboards for stakeholders.',
    'Hyderabad', '4 months', 'BI', 16000,
    9000, '500032', '2025-08-26 09:00:00.000000',
    'Analytics', 'Telangana', 'BI Intern',
    5, 'Gachibowli', 11
  ),
  (
    48, 'Retail Store', 'Store 32', 18,
    'Employee discount', 'AT Block',
    'Customer experience intern collecting NPS and improving store UX.',
    'Kolkata', '2 months', 'Customer Experience',
    6000, 3000, '700016', '2025-08-28 10:00:00.000000',
    'Retail', 'West Bengal', 'Customer Experience Intern',
    12, 'Park Street', 14
  ),
  (
    49, 'Power Plant', 'Operations', 3,
    'Safety Training', 'AU Block', 'Power generation intern assisting with substation checks and monitoring.',
    'Nagpur', '6 months', 'Power Systems',
    15000, 9000, '440016', '2025-08-30 09:00:00.000000',
    'Energy', 'Maharashtra', 'Power Systems Intern',
    3, 'MIHAN', 50
  ),
  (
    50, 'Research Center', 'Urban Lab',
    6, 'Stipend, Field Work', 'AV Block',
    'Urban planning intern supporting GIS mapping and stakeholder consultations.',
    'Bengaluru', '4 months', 'Urban Planning',
    12000, 7000, '560034', '2025-09-01 09:00:00.000000',
    'Urban Planning', 'Karnataka', 'Urban Planning Intern',
    5, 'Koramangala', 30
  ),
  (
    51, 'Hotel', 'Food & Beverage', 4,
    'Accommodation, Meals', 'AW Block',
    'F&B intern rotating across kitchens, banquets and cost control.',
    'Goa', '3 months', 'Hospitality',
    12000, 7000, '403001', '2025-08-02 09:00:00.000000',
    'Hospitality', 'Goa', 'F&B Intern',
    4, 'Panaji', 37
  ),
  (
    52, 'Tech Hub', 'Data Ops', 9, 'Stipend, Certification',
    'AX Block', 'Data engineering intern: build pipelines, schedule ETL and monitor jobs.',
    'Bengaluru', '6 months', 'Data Engineering',
    21000, 12000, '560024', '2025-08-04 09:00:00.000000',
    'Technology', 'Karnataka', 'Data Engineering Intern',
    8, 'Hebbal', 38
  ),
  (
    53, 'Manufacturing Unit', 'Maintenance',
    7, 'Hands-on training', 'AY Block',
    'Maintenance intern assisting with predictive maintenance schedule and logs.',
    'Pune', '4 months', 'Maintenance Engineering',
    10000, 6000, '411028', '2025-08-07 09:00:00.000000',
    'Manufacturing', 'Maharashtra',
    'Maintenance Intern', 6, 'Hadapsar',
    3
  ),
  (
    54, 'Biotech Lab', 'Cell Culture',
    3, 'Stipend, Lab Exposure', 'AZ Block',
    'Molecular biology intern supporting PCR workflows and sample prep.',
    'Bengaluru', '6 months', 'Molecular Biology',
    20000, 12000, '560078', '2025-08-09 09:00:00.000000',
    'Biotech', 'Karnataka', 'Molecular Biology Intern',
    3, 'JP Nagar', 21
  ),
  (
    55, 'Supply Chain Office', 'Logistics',
    10, 'Certificate', 'BA Block', 'Supply chain intern mapping supplier network and ETA improvements.',
    'Chennai', '3 months', 'Supply Chain',
    12000, 7000, '600034', '2025-08-11 09:00:00.000000',
    'Logistics', 'Tamil Nadu', 'Supply Chain Intern',
    9, 'Nungambakkam', 35
  ),
  (
    56, 'Quality Lab', 'QA Floor', 4, 'Stipend, Certificate',
    'BB Block', 'Pharma quality intern performing stability study monitoring and reporting.',
    'Ahmedabad', '6 months', 'Quality Control',
    16000, 10000, '382445', '2025-08-13 09:00:00.000000',
    'Pharma', 'Gujarat', 'Quality Control Intern',
    4, 'GIDC', 21
  ),
  (
    57, 'Creative Studio', 'Content Unit',
    6, 'Portfolio Work', 'BC Block',
    'Content creation intern producing social-first video and graphics.',
    'Mumbai', '2 months', 'Content Creation',
    9000, 5000, '400013', '2025-08-15 10:00:00.000000',
    'Media', 'Maharashtra', 'Content Intern',
    6, 'Lower Parel', 18
  ),
  (
    58, 'Analytics Hub', 'Research', 3,
    'Stipend', 'BD Block', 'Economics research intern working on household survey analysis and microdata.',
    'New Delhi', '4 months', 'Economics Research',
    11000, 7000, '110067', '2025-08-17 09:00:00.000000',
    'Research', 'Delhi', 'Research Intern',
    3, 'JNU Area', 31
  ),
  (
    59, 'Engineering Office', 'Process Floor',
    5, 'Training, Safety', 'BE Block',
    'Welding process intern assisting with fixture design and testing.',
    'Faridabad', '4 months', 'Welding Engineering',
    9000, 5000, '121001', '2025-08-19 09:00:00.000000',
    'Manufacturing', 'Haryana', 'Welding Intern',
    4, 'Industrial Area', 24
  ),
  (
    60, 'Healthcare Center', 'Diagnostics',
    7, 'Clinical Exposure', 'BF Block',
    'Diagnostics intern supporting sample collection, preprocessing and logs.',
    'Kolkata', '3 months', 'Diagnostics',
    8000, 4000, '700040', '2025-08-21 09:00:00.000000',
    'Healthcare', 'West Bengal', 'Diagnostics Intern',
    7, 'Tollygunge', 20
  ),
  (
    61, 'Urban Lab', 'Sociology', 4, 'Fieldwork, stipend',
    'BG Block', 'Sociology intern performing qualitative interviews for urban livelihood study.',
    'Bengaluru', '3 months', 'Sociology Research',
    7000, 3000, '560041', '2025-08-23 09:00:00.000000',
    'Research', 'Karnataka', 'Field Research Intern',
    4, 'Jayanagar', 29
  ),
  (
    62, 'Design Studio', 'Industrial Design',
    3, 'Prototype Budget', 'BH Block',
    'Product design intern producing physical prototypes and user testing reports.',
    'Pune', '4 months', 'Industrial Design',
    14000, 8000, '411029', '2025-08-25 09:00:00.000000',
    'Design', 'Maharashtra', 'Industrial Design Intern',
    3, 'Kothrud', 17
  ),
  (
    63, 'Corporate Office', 'Analytics Team',
    6, 'Certificate', 'BI Block', 'Risk analytics intern modeling credit risk and stress-testing scenarios.',
    'Mumbai', '3 months', 'Risk Analytics',
    18000, 10000, '400050', '2025-08-27 09:00:00.000000',
    'Finance', 'Maharashtra', 'Risk Analytics Intern',
    5, 'Bandra', 11
  ),
  (
    64, 'R&D Facility', 'Chem Lab', 4,
    'Stipend, PPE', 'BJ Block', 'Polymer chemistry intern assisting with formulation trials and rheology tests.',
    'Vadodara', '5 months', 'Polymer Chemistry',
    14000, 8000, '390001', '2025-08-29 09:00:00.000000',
    'Chemicals', 'Gujarat', 'Polymer Chemistry Intern',
    4, 'Science City', 30
  ),
  (
    65, 'HR Office', 'Campus Hiring',
    10, 'Stipend, Letter', 'BK Block',
    'HR intern supporting campus hiring process, scheduling interviews and screening.',
    'Bengaluru', '2 months', 'HR Operations',
    9000, 5000, '560066', '2025-08-31 09:00:00.000000',
    'HR', 'Karnataka', 'HR Operations Intern',
    8, 'Whitefield', 1
  ),
  (
    66, 'Agri Lab', 'Soil Testing', 3,
    'Field Visits', 'BL Block', 'Soil science intern performing sampling and lab nutrient analysis.',
    'Ahmednagar', '4 months', 'Soil Science',
    7000, 3000, '414001', '2025-07-29 09:00:00.000000',
    'Agriculture', 'Maharashtra', 'Soil Science Intern',
    3, 'Rural Labs', 33
  ),
  (
    67, 'Supply Office', 'Procurement',
    5, 'Certificate', 'BM Block', 'Procurement intern analyzing supplier contracts and delivery timelines.',
    'Surat', '3 months', 'Procurement',
    10000, 6000, '395006', '2025-07-31 09:00:00.000000',
    'Supply Chain', 'Gujarat', 'Procurement Intern',
    4, 'Varachha', 26
  ),
  (
    68, 'Clinical Research Center', 'Pharmacovigilance',
    4, 'Stipend, Training', 'BN Block',
    'Pharmacovigilance intern: adverse event reporting and database updates.',
    'Hyderabad', '6 months', 'Pharmacovigilance',
    16000, 10000, '500003', '2025-08-02 09:00:00.000000',
    'Pharma', 'Telangana', 'Pharmacovigilance Intern',
    4, 'Secunderabad', 21
  ),
  (
    69, 'EdTech Lab', 'Content Dev', 6,
    'Mentorship', 'BO Block', 'Instructional design intern building course modules and assessments.',
    'Bengaluru', '3 months', 'Instructional Design',
    9000, 5000, '560038', '2025-08-04 09:00:00.000000',
    'EdTech', 'Karnataka', 'Instructional Design Intern',
    5, 'Indiranagar', 34
  ),
  (
    70, 'Green Energy', 'Site Office',
    3, 'Field Safety', 'BP Block', 'Wind energy intern supporting turbine inspection and SCADA monitoring.',
    'Kutch', '6 months', 'Wind Energy',
    15000, 9000, '370201', '2025-08-06 09:00:00.000000',
    'Energy', 'Gujarat', 'Wind Operations Intern',
    3, 'Gandhidham', 50
  ),
  (
    71, 'UX Lab', 'User Research', 4, 'Stipend',
    'BQ Block', 'User research intern running usability tests and synthesizing findings.',
    'Bengaluru', '2 months', 'User Research',
    10000, 6000, '560034', '2025-08-08 09:00:00.000000',
    'Design', 'Karnataka', 'User Research Intern',
    4, 'Koramangala', 17
  ),
  (
    72, 'Mobile Lab', 'QA', 5, 'Certificate',
    'BR Block', 'Mobile QA intern testing app compatibility across devices and regression.',
    'Gurgaon', '3 months', 'Mobile QA',
    9000, 5000, '122002', '2025-08-10 09:00:00.000000',
    'Technology', 'Haryana', 'Mobile QA Intern',
    5, 'Cyber City', 36
  ),
  (
    73, 'Packaging Unit', 'Sustainable Pack',
    3, 'Stipend', 'BS Block', 'Sustainable packaging intern researching compostable materials and cost.',
    'Navi Mumbai', '3 months', 'Sustainable Packaging',
    9000, 5000, '400703', '2025-08-12 09:00:00.000000',
    'FMCG', 'Maharashtra', 'Packaging Sustainability Intern',
    3, 'Vashi', 26
  ),
  (
    74, 'Field Office', 'Extension Services',
    4, 'Travel', 'BT Block', 'Extension intern supporting farmer workshops and demonstration plots.',
    'Beed', '6 months', 'Agricultural Extension',
    6000, 3000, '431122', '2025-08-14 09:00:00.000000',
    'Agriculture', 'Maharashtra', 'Extension Intern',
    3, 'Rural Block', 33
  ),
  (
    75, 'Biomedical Lab', 'Device Testing',
    3, 'Stipend', 'BU Block', 'Biomedical intern testing medical device performance and calibration.',
    'Bengaluru', '4 months', 'Biomedical Engineering',
    14000, 8000, '560058', '2025-08-16 09:00:00.000000',
    'Medical Devices', 'Karnataka',
    'Biomedical Intern', 3, 'Peenya',
    39
  ),
  (
    76, 'Research Office', 'Policy Unit',
    2, 'Stipend', 'BV Block', 'Policy intern working on education policy case studies and evidence briefs.',
    'Patna', '3 months', 'Education Policy',
    8000, 4000, '800001', '2025-08-18 09:00:00.000000',
    'Policy', 'Bihar', 'Policy Intern',
    2, 'Patna Sahib', 29
  ),
  (
    77, 'Agri Startup', 'Field Ops', 5,
    'Field Visits', 'BW Block', 'Supply chain intern optimizing farm-to-market logistics for perishables.',
    'Nashik', '4 months', 'Agri Supply Chain',
    10000, 6000, '422001', '2025-08-20 09:00:00.000000',
    'AgriTech', 'Maharashtra', 'Agri Supply Chain Intern',
    4, 'Deolali', 33
  ),
  (
    78, 'R&D Unit', 'AI Safety', 3, 'Stipend',
    'BX Block', 'AI ethics intern mapping model risks and recommending guardrails.',
    'Bengaluru', '6 months', 'AI Ethics',
    22000, 12000, '560034', '2025-08-22 09:00:00.000000',
    'AI', 'Karnataka', 'AI Ethics Intern',
    3, 'Koramangala', 38
  ),
  (
    79, 'Telecom Lab', 'Network Ops',
    6, 'Training', 'BY Block', 'Network operations intern assisting with 5G site testing and throughput reports.',
    'Mumbai', '4 months', 'Telecom',
    15000, 9000, '400053', '2025-08-24 09:00:00.000000',
    'Telecom', 'Maharashtra', 'Network Ops Intern',
    5, 'Andheri', 40
  ),
  (
    80, 'Clinical Unit', 'Bioinformatics',
    4, 'Stipend', 'BZ Block', 'Bioinformatics intern performing sequence analysis and annotation.',
    'Hyderabad', '6 months', 'Bioinformatics',
    20000, 12000, '500081', '2025-08-26 09:00:00.000000',
    'Biotech', 'Telangana', 'Bioinformatics Intern',
    3, 'HITEC City', 21
  ),
  (
    81, 'Operations Hub', 'Fleet Mgmt',
    7, 'Certificate', 'CA Block', 'Fleet intern optimizing route assignments and telematics data.',
    'Kochi', '3 months', 'Fleet Management',
    9000, 5000, '682030', '2025-08-28 09:30:00.000000',
    'Logistics', 'Kerala', 'Fleet Management Intern',
    6, 'Kakkanad', 35
  ),
  (
    82, 'Kiosk', 'Customer Service', 14,
    'Training', 'CB Block', 'On-field customer service intern for payments and merchant support.',
    'Indore', '2 months', 'Field Support',
    7000, 4000, '452001', '2025-08-30 09:00:00.000000',
    'Fintech', 'Madhya Pradesh', 'Field Support Intern',
    12, 'MG Road', 16
  ),
  (
    83, 'R&D Lab', 'Sensors', 3, 'Stipend, Lab Safety',
    'CC Block', 'Sensor intern working on calibration and signal conditioning experiments.',
    'Coimbatore', '4 months', 'Sensors',
    12000, 7000, '641004', '2025-09-01 09:00:00.000000',
    'Electronics', 'Tamil Nadu', 'Sensors Intern',
    3, 'Peelamedu', 1
  ),
  (
    84, 'Academics', 'Teaching Assist',
    6, 'TAship, Stipend', 'CD Block',
    'TA intern assisting undergraduate lab sessions and grading.',
    'Guwahati', '6 months', 'Teaching Assistant',
    8000, 4000, '781014', '2025-09-03 09:00:00.000000',
    'Education', 'Assam', 'Teaching Assistant Intern',
    5, 'GU Campus', 31
  ),
  (
    85, 'Field Research', 'Survey Unit',
    4, 'Travel Allowance', 'CE Block',
    'Market research intern conducting consumer surveys and focus groups.',
    'Surat', '2 months', 'Market Research',
    9000, 5000, '395007', '2025-09-05 09:00:00.000000',
    'Market Research', 'Gujarat', 'Market Research Intern',
    4, 'Athwa', 26
  ),
  (
    86, 'Manufacturing', 'Product Dev',
    5, 'Stipend', 'CF Block', 'Product intern supporting prototype testing and BOM management.',
    'Vishakhapatnam', '4 months', 'Product Development',
    11000, 7000, '530026', '2025-09-07 09:00:00.000000',
    'Manufacturing', 'Andhra Pradesh',
    'Product Development Intern', 4,
    'Gajuwaka', 24
  ),
  (
    87, 'Healthcare', 'Telemedicine',
    8, 'Certificate', 'CG Block', 'Telemedicine intern supporting remote consult scheduling and triage.',
    'Bengaluru', '3 months', 'Telehealth',
    9000, 5000, '560038', '2025-09-09 09:00:00.000000',
    'Healthcare', 'Karnataka', 'Telemedicine Intern',
    7, 'Indiranagar', 20
  ),
  (
    88, 'Rural Hub', 'Livelihoods', 3,
    'Stipend', 'CH Block', 'Livelihoods intern designing skill development modules for artisans.',
    'Khammam', '6 months', 'Livelihoods',
    7000, 3000, '507001', '2025-09-11 09:00:00.000000',
    'Social', 'Telangana', 'Livelihoods Intern',
    3, 'Rural Block', 9
  ),
  (
    89, 'Hardware Shop', 'Assembly', 6,
    'Stipend', 'CI Block', 'Hardware assembly intern working with PCB population and testing.',
    'Bengaluru', '3 months', 'PCB Assembly',
    9000, 5000, '560034', '2025-09-13 09:00:00.000000',
    'Electronics', 'Karnataka', 'PCB Assembly Intern',
    6, 'Koramangala', 1
  ),
  (
    90, 'UX Studio', 'Prototyping', 4,
    'Stipend', 'CJ Block', 'Prototype intern building clickable prototypes and user flows.',
    'Pune', '2 months', 'Prototyping',
    9000, 5000, '411006', '2025-09-15 09:00:00.000000',
    'Design', 'Maharashtra', 'Prototyping Intern',
    4, 'Kalyani Nagar', 17
  ),
  (
    91, 'AI Lab', 'CV Team', 5, 'Stipend',
    'CK Block', 'Computer Vision intern working on object detection and annotation pipelines.',
    'Hyderabad', '6 months', 'Computer Vision',
    22000, 12000, '500032', '2025-09-17 09:00:00.000000',
    'AI', 'Telangana', 'Computer Vision Intern',
    5, 'Gachibowli', 38
  ),
  (
    92, 'Corporate', 'Strategy', 2, 'Exposure, Mentorship',
    'CL Block', 'Strategy intern performing competitive analysis and market sizing.',
    'Mumbai', '3 months', 'Strategy',
    18000, 10000, '400050', '2025-09-19 09:00:00.000000',
    'Corporate', 'Maharashtra', 'Strategy Intern',
    2, 'Bandra', 11
  ),
  (
    93, 'Innovation Hub', 'Floor 3', 5,
    'Certificate, Mentorship', 'CH Block',
    'AI intern assisting with model training and evaluation for NLP tasks.',
    'Bengaluru', '6 months', 'Artificial Intelligence',
    25000, 15000, '560066', '2025-09-28 09:00:00.000000',
    'Technology', 'Karnataka', 'AI Intern',
    5, 'Whitefield', 39
  ),
  (
    94, 'Biotech Facility', 'Lab 2', 3,
    'Stipend, Lab Access', 'CI Block',
    'Biotech intern supporting CRISPR experiments and data analysis.',
    'Hyderabad', '6 months', 'Biotechnology',
    22000, 12000, '500032', '2025-09-28 10:30:00.000000',
    'Biotech', 'Telangana', 'Biotech Research Intern',
    3, 'Gachibowli', 40
  ),
  (
    95, 'Retail Center', 'Store 5', 10,
    'Employee Discount, Certificate',
    'CJ Block', 'Retail management intern handling inventory, merchandising, and POS operations.',
    'Mumbai', '3 months', 'Retail Management',
    10000, 5000, '400093', '2025-09-29 09:00:00.000000',
    'Retail', 'Maharashtra', 'Retail Management Intern',
    8, 'Andheri', 41
  ),
  (
    96, 'Manufacturing Hub', 'Assembly Line',
    6, 'Hands-on Training, Safety',
    'CK Block', 'Production intern supporting process improvement and assembly line monitoring.',
    'Pune', '4 months', 'Manufacturing',
    15000, 9000, '411057', '2025-09-27 09:00:00.000000',
    'Manufacturing', 'Maharashtra',
    'Production Intern', 6, 'Hinjewadi',
    42
  ),
  (
    97, 'Tech Lab', 'Dev Wing', 8, 'Stipend, Certificate',
    'CL Block', 'Full-stack developer intern working on MERN stack web applications.',
    'Chennai', '3 months', 'Full-Stack Development',
    18000, 10000, '600097', '2025-09-26 09:00:00.000000',
    'Technology', 'Tamil Nadu', 'Full-Stack Developer Intern',
    8, 'OMR', 43
  ),
  (
    98, 'Hospital', 'Ward 3', 4, 'Accommodation, Training',
    'CM Block', 'Healthcare intern assisting with patient monitoring, vitals recording, and documentation.',
    'Kochi', '6 months', 'Healthcare',
    12000, 7000, '682009', '2025-09-25 09:30:00.000000',
    'Healthcare', 'Kerala', 'Healthcare Intern',
    4, 'Willington Island', 44
  ),
  (
    99, 'Agri Innovation Center', 'Field Lab',
    5, 'Field Visits, Certificate',
    'CN Block', 'Agritech intern assisting with IoT-based soil monitoring and crop data collection.',
    'Nashik', '4 months', 'Agritech',
    14000, 8000, '422001', '2025-09-24 09:00:00.000000',
    'Agriculture', 'Maharashtra', 'Agritech Intern',
    5, 'Deolali', 45
  ),
  (
    100, 'Design Studio', 'Creative Unit',
    3, 'Portfolio, Mentorship', 'CO Block',
    'Industrial design intern creating product prototypes and user experience testing.',
    'Bengaluru', '3 months', 'Industrial Design',
    12000, 7000, '560034', '2025-09-23 09:00:00.000000',
    'Design', 'Karnataka', 'Industrial Design Intern',
    3, 'Koramangala', 46
  );

-- APP_USER TABLE

INSERT INTO app_user(id, age, district, email, experience, gender, name, percentage, specialization, state, stream, highest_qualification_rank) VALUES
(1,18,'Kolkata','avinash.poddar@example.com',0,'Male','Avinash Poddar',87.4,'Physics-Chemistry-Math','West Bengal','High School Science',2),
(2,19,'Jaipur','neha.sharma@example.com',0,'Female','Neha Sharma',89.2,'Biology','Rajasthan','High School Science',2),
(3,22,'Bengaluru','pranav.kumar@example.com',2,'Male','Pranav Kumar',74.5,'Computer Science','Karnataka','B.Tech',3),
(4,24,'Hyderabad','swarna.mehta@example.com',3.5,'Female','Swarna Mehta',78.6,'Data Science','Telangana','M.Tech',4),
(5,26,'Thiruvananthapuram','adi.nair@example.com',4,'Male','Adithya Nair',81.3,'Mechanical Engineering','Kerala','B.Tech',3),
(6,28,'Ahmedabad','meera.patel@example.com',5.2,'Female','Meera Patel',85,'Business Administration','Gujarat','MBA',4),
(7,30,'Lucknow','ravi.singh@example.com',7,'Male','Ravi Singh',69.8,'Electrical Engineering','Uttar Pradesh','B.Tech',3),
(8,32,'New Delhi','isha.jain@example.com',8,'Female','Isha Jain',88.1,'Law','Delhi','LLM',4),
(9,29,'Chennai','karthik.r@example.com',6.5,'Male','Karthik R',77,'Civil Engineering','Tamil Nadu','B.Tech',3),
(10,21,'Gurgaon','ananya.gupta@example.com',1,'Female','Ananya Gupta',91.2,'Computer Science','Haryana','B.Tech',3),
(11,23,'Patna','sachin.yadav@example.com',1.5,'Male','Sachin Yadav',72.4,'Agriculture','Bihar','BSc Agriculture',3),
(12,20,'Mysore','kavya.rani@example.com',0.5,'Female','Kavya Rani',83,'Commerce','Karnataka','High School Commerce',2),
(13,27,'Indore','pooja.kumar@example.com',4,'Female','Pooja Kumar',80.5,'Human Resources','Madhya Pradesh','MBA HR',4),
(14,25,'Noida','aman.verma@example.com',3,'Male','Aman Verma',75.2,'Finance','Uttar Pradesh','B.Com',3),
(15,31,'Kochi','deepika.nair@example.com',9,'Female','Deepika Nair',92.4,'Biotechnology','Kerala','PhD Biotechnology',5),
(16,34,'Vellore','suresh.p@example.com',10.5,'Male','Suresh P',70.6,'Pharmacy','Tamil Nadu','B.Pharm',3),
(17,35,'Bengaluru','latha.m@example.com',12,'Female','Latha M',86.7,'Design','Karnataka','M.Des',4),
(18,22,'Pune','tarun.rathod@example.com',1,'Male','Tarun Rathod',79.1,'Electronics','Maharashtra','B.Tech',3),
(19,24,'Kolkata','ishita.bose@example.com',2,'Female','Ishita Bose',90,'Journalism','West Bengal','MA Journalism',4),
(20,23,'Bhopal','rahul.jain@example.com',1.8,'Male','Rahul Jain',76.3,'Chemical Engineering','Madhya Pradesh','B.Tech',3),
(21,28,'Kanpur','neelam.verma@example.com',4.5,'Female','Neelam Verma',84,'Clinical Psychology','Uttar Pradesh','M.Sc Psychology',4),
(22,19,'Shimla','manish.thakur@example.com',0,'Male','Manish Thakur',91.5,'NA','Himachal Pradesh','High School General',1),
(23,26,'Mangalore','shruti.shetty@example.com',3.8,'Female','Shruti Shetty',82.2,'Computer Applications','Karnataka','BCA',3),
(24,27,'Raipur','vikram.singh@example.com',5.5,'Male','Vikram Singh',73.9,'Mining Engineering','Chhattisgarh','B.Tech',3),
(25,29,'Vadodara','pallavi.patel@example.com',6,'Female','Pallavi Patel',88.3,'Pharmaceutical Management','Gujarat','MBA Pharma',4),
(26,33,'Kozhikode','rahul.suresh@example.com',11,'Male','Rahul Suresh',87,'Environmental Science','Kerala','MSc Environmental Science',4),
(27,21,'Visakhapatnam','sakshi.rao@example.com',0.6,'Female','Sakshi Rao',78.9,'Marine Biology','Andhra Pradesh','BSc Biology',3),
(28,22,'Surat','aditya.patel@example.com',1.2,'Male','Aditya Patel',80,'Textile Engineering','Gujarat','B.Tech',3),
(29,24,'Chandigarh','ritu.malhotra@example.com',2.5,'Female','Ritu Malhotra',89.7,'Public Policy','Punjab','MA Public Policy',4),
(30,30,'Nagpur','vikas.agarwal@example.com',7.4,'Male','Vikas Agarwal',71.1,'Automobile Engineering','Maharashtra','B.Tech',3),
(31,36,'Kolkata','anjali.das@example.com',12.5,'Female','Anjali Das',93.4,'Economics','West Bengal','PhD Economics',5),
(32,40,'Delhi','sanjay.gupta@example.com',15,'Male','Sanjay Gupta',85.5,'Operations Management','Delhi','MBA',4),
(33,45,'Ahmednagar','reena.k@example.com',20,'Female','Reena K',78.2,'Education','Maharashtra','B.Ed',3),
(34,27,'Rajkot','chirag.patel@example.com',4.2,'Male','Chirag Patel',77.8,'Civil Engineering','Gujarat','B.Tech',3),
(35,22,'Pune','shraddha.pawar@example.com',1,'Female','Shraddha Pawar',86,'Information Technology','Maharashtra','B.Sc IT',3),
(36,24,'Guwahati','aman.kapoor@example.com',3,'Male','Aman Kapoor',88.8,'Marketing','Assam','MBA Marketing',4),
(37,26,'Ernakulam','divya.nair@example.com',4.5,'Female','Divya Nair',79.5,'Hospitality','Kerala','BHM',3),
(38,23,'Kurnool','kumar.s@example.com',2,'Male','Kumar S',74.4,'IT & Networking','Andhra Pradesh','B.Tech',3),
(39,21,'Dharamsala','mansi.kumar@example.com',0.4,'Female','Mansi Kumar',82.1,'Commerce','Himachal Pradesh','High School Commerce',2),
(40,25,'Aurangabad','rahul.bendre@example.com',3.6,'Male','Rahul Bendre',76,'Biotech','Maharashtra','B.Sc Biotechnology',3),
(41,28,'Aligarh','nazima.khan@example.com',5,'Female','Nazima Khan',84.7,'Sociology','Uttar Pradesh','MA Sociology',4),
(42,22,'Jabalpur','yash.rao@example.com',1,'Male','Yash Rao',81.2,'Statistics','Madhya Pradesh','B.Sc Statistics',3),
(43,29,'Varanasi','pooja.singh@example.com',6.5,'Female','Pooja Singh',90.1,'Clinical Research','Uttar Pradesh','MSc Clinical Research',4),
(44,20,'Bikaner','tarini.jain@example.com',0.2,'Female','Tarini Jain',95,'NA','Rajasthan','High School General',1),
(45,18,'Kolkata','avinash.poddar@example.com',0,'Male','Avinash Poddar',87.4,'Physics-Chemistry-Math','West Bengal','High School Science',2),
(46,18,'Bangalore','neha.sharma@example.com',0,'Female','Neha Sharma',89.2,'Biology-Chemistry-Math','Karnataka','High School Science',2),
(47,22,'Chennai','pranav.kumar@example.com',1.5,'Male','Pranav Kumar',83.5,'Computer Science','Tamil Nadu','B.Tech CS',3),
(48,24,'Mumbai','swarna.iyer@example.com',2,'Female','Swarna Iyer',91,'Data Science','Maharashtra','M.Tech Data Science',4),
(49,21,'Pune','adithya.singh@example.com',1,'Male','Adithya Singh',78.5,'Mechanical Engineering','Maharashtra','B.Tech Mechanical',3),
(50,26,'Kochi','meera.nair@example.com',3,'Female','Meera Nair',88.7,'Business Administration','Kerala','MBA',4);

-- SKILL TABLE

INSERT INTO skills (skill_name, image_url) VALUES
('Java', 'https://source.unsplash.com/featured/?java,code'),
('Python', 'https://source.unsplash.com/featured/?python,programming'),
('C++', 'https://source.unsplash.com/featured/?c++,code'),
('Data Structures', 'https://source.unsplash.com/featured/?data,structures'),
('Algorithms', 'https://source.unsplash.com/featured/?algorithms,code'),
('SQL', 'https://source.unsplash.com/featured/?sql,database'),
('NoSQL', 'https://source.unsplash.com/featured/?nosql,database'),
('Machine Learning', 'https://source.unsplash.com/featured/?machine,learning'),
('Data Science', 'https://source.unsplash.com/featured/?data,science'),
('Deep Learning', 'https://source.unsplash.com/featured/?deep,learning'),
('Statistics', 'https://source.unsplash.com/featured/?statistics,math'),
('Cloud Computing', 'https://source.unsplash.com/featured/?cloud,computing'),
('AWS', 'https://source.unsplash.com/featured/?aws,cloud'),
('Azure', 'https://source.unsplash.com/featured/?azure,cloud'),
('Docker', 'https://source.unsplash.com/featured/?docker,containers'),
('Kubernetes', 'https://source.unsplash.com/featured/?kubernetes,containers'),
('React', 'https://source.unsplash.com/featured/?reactjs,frontend'),
('Angular', 'https://source.unsplash.com/featured/?angular,frontend'),
('Node.js', 'https://source.unsplash.com/featured/?nodejs,backend'),
('HTML/CSS', 'https://source.unsplash.com/featured/?html,css,web'),
('Flutter', 'https://source.unsplash.com/featured/?flutter,app'),
('Android Development', 'https://source.unsplash.com/featured/?android,development'),
('iOS Development', 'https://source.unsplash.com/featured/?ios,development'),
('UI/UX Design', 'https://source.unsplash.com/featured/?ui,ux,design'),
('Graphic Design', 'https://source.unsplash.com/featured/?graphic,design'),
('Embedded Systems', 'https://source.unsplash.com/featured/?embedded,systems'),
('VLSI', 'https://source.unsplash.com/featured/?vlsi,electronics'),
('Robotics', 'https://source.unsplash.com/featured/?robotics,engineering'),
('Control Systems', 'https://source.unsplash.com/featured/?control,systems'),
('Electrical Design', 'https://source.unsplash.com/featured/?electrical,design'),
('Mechanical CAD', 'https://source.unsplash.com/featured/?cad,mechanical'),
('Civil Drafting', 'https://source.unsplash.com/featured/?civil,engineering'),
('Clinical Research', 'https://source.unsplash.com/featured/?clinical,research'),
('Laboratory Techniques', 'https://source.unsplash.com/featured/?lab,techniques'),
('Pharmaceutical R&D', 'https://source.unsplash.com/featured/?pharma,research'),
('Agronomy', 'https://source.unsplash.com/featured/?agriculture,farming'),
('Food Technology', 'https://source.unsplash.com/featured/?food,technology'),
('Marketing', 'https://source.unsplash.com/featured/?marketing,business'),
('Digital Marketing', 'https://source.unsplash.com/featured/?digital,marketing'),
('Sales', 'https://source.unsplash.com/featured/?sales,business'),
('Finance', 'https://source.unsplash.com/featured/?finance,accounting'),
('Business Analytics', 'https://source.unsplash.com/featured/?business,analytics'),
('Project Management', 'https://source.unsplash.com/featured/?project,management'),
('Leadership', 'https://source.unsplash.com/featured/?leadership,team'),
('Communication', 'https://source.unsplash.com/featured/?communication,public,speaking'),
('Problem Solving', 'https://source.unsplash.com/featured/?problem,solving'),
('Research', 'https://source.unsplash.com/featured/?research,study'),
('Teaching', 'https://source.unsplash.com/featured/?teaching,education'),
('Legal Knowledge', 'https://example.com/skill49.png'),
('Time Management', 'https://upload.wikimedia.org/wikipedia/commons/3/3e/Time_management_icon.svg');

-- INTERNSHIP_REQUIREMENTS TABLE

INSERT INTO internshiprequirements(id, age, description, gender, max_experience, min_experience, mode, percentage, specialization, stream, internship_id, minimum_qualification_rank) VALUES
(1,18,'Basic understanding of C and microcontrollers; willing to work in lab.','Any',2,0,'Onsite',65,'Embedded Systems','Electronics',1,3),
(2,20,'Proficient in HTML, CSS, JS; knowledge of React preferred.','Any',3,0,'Onsite',70,'Frontend Development','Computer Science',2,3),
(3,19,'Familiarity with production lines and QC basics preferred.','Any',4,0,'Onsite',60,'Quality Assurance','Mechanical',3,2),
(4,21,'Laboratory handling skills, data entry accuracy and documentation.','Any',3,0,'Onsite',65,'Clinical Research','Pharmacy/Biotech',4,3),
(5,22,'Comfortable with Excel and financial modeling basics.','Any',5,0,'Onsite',65,'Finance','Commerce/Finance',5,3),
(6,23,'Strong visual design sense and Figma/Sketch experience.','Any',3,0,'Remote/Onsite',70,'UI/UX','Design',6,3),
(7,20,'Basic inventory knowledge and barcode systems.','Any',4,0,'Onsite',60,'Logistics','Commerce',7,2),
(8,21,'Food safety basics and sensory analysis interest.','Any',2,0,'Onsite',60,'Food Technology','Food Science',8,3),
(9,22,'Willingness to travel to rural areas and manage events.','Any',2,0,'Field',60,'CSR','Social Work',9,3),
(10,18,'Good communication and cash handling awareness.','Any',1,0,'Onsite',55,'Retail Operations','Commerce',10,1),
(11,22,'Node.js/Express and relational DB familiarity required.','Any',3,0,'Onsite',65,'Backend Development','Computer Science',11,3),
(12,21,'SEO basics and content calendar experience preferred.','Any',2,0,'Remote/Onsite',65,'Digital Marketing','Marketing',12,3),
(13,20,'Community health interest; ability to maintain accurate records.','Any',2,0,'Field',60,'Public Health','Public Health/Nursing',13,3),
(14,22,'Basic agronomy or farm systems knowledge useful.','Any',3,0,'Field',60,'Agronomy','Agriculture',14,3),
(15,21,'Understanding of plant operations and safety protocols.','Any',5,1,'Onsite',60,'Manufacturing','Mechanical/Production',15,3),
(16,22,'Molecular biology lab experience preferred; sterile technique.','Any',4,0,'Onsite',70,'Pharma R&D','Biotechnology/Pharmacy',16,3),
(17,23,'Experience in data labeling and Python ML libraries helpful.','Any',3,0,'Onsite/Remote',70,'Machine Learning','Computer Science',17,3),
(18,20,'Friendly communicator and problem solver for customer escalations.','Any',2,0,'Remote/Onsite',55,'Customer Support','Any',18,2),
(19,21,'Experience with packaging design or sustainability research.','Any',3,0,'Onsite',65,'Packaging Design','Design',19,3),
(20,19,'Comfortable with field surveys and sales outreach.','Any',2,0,'Field',55,'Sales','Commerce',20,2),
(21,22,'Interest in renewable energy with basic electrical knowledge.','Any',3,0,'Onsite',60,'Renewable Energy','Electrical/Mechanical',21,3),
(22,21,'Coordination skills and familiarity with last-mile logistics.','Any',3,0,'Onsite',55,'Logistics','Any',22,2),
(23,23,'Clinical data handling and familiarity with spreadsheets.','Any',3,0,'Onsite',65,'Clinical Data','Life Sciences',23,3),
(24,22,'PM mindset and ability to own small product features.','Any',3,0,'Onsite',65,'Product Management','Any',24,3),
(25,20,'Knowledge of automotive testing methods a plus.','Any',2,0,'Onsite',60,'Automotive Testing','Automobile Engineering',25,3),
(26,21,'Familiarity with seller onboarding processes and KYC basics.','Any',2,0,'Onsite',60,'E-commerce Operations','Any',26,2),
(27,22,'Clinical exposure and patient privacy training required.','Any',3,0,'Onsite',65,'Clinical','Nursing/MBBS',27,3),
(28,22,'Sensor prototyping experience and basic coding valued.','Any',2,0,'Onsite',65,'Agritech','Electronics/Agriculture',28,3),
(29,23,'Materials testing fundamentals and lab safety required.','Any',3,0,'Onsite',65,'Materials Science','Metallurgy/Materials',29,3),
(30,24,'Legal basics and good drafting skills; research exposure.','Any',2,0,'Onsite',65,'Legal','Law',30,3),
(31,21,'Strong Excel and SQL basics for dashboarding.','Any',3,0,'Onsite/Remote',65,'Business Analytics','Any',31,3),
(32,22,'Field coordination and community mobilization skills.','Any',3,0,'Field',60,'Rural Development','Social Work/Development',32,3),
(33,22,'Flutter or mobile development fundamentals required.','Any',3,0,'Onsite/Remote',65,'Mobile Development','Computer Science',33,3),
(34,21,'Merchandising sense and SKU tracking knowledge.','Any',2,0,'Onsite',55,'Merchandising','Commerce',34,2),
(35,23,'Chemical process understanding and lab safety awareness.','Any',3,0,'Onsite',65,'Process Engineering','Chemical Engineering',35,3),
(36,21,'Clinical lab basics and sample handling required.','Any',2,0,'Onsite',65,'Quality Control','Pharmacy/Science',36,3),
(37,20,'Content creation and multimedia skills preferred.','Any',2,0,'Remote/Onsite',60,'Content Creation','Media/Communication',37,2),
(38,22,'Strong statistics and R/Python skills for survey analysis.','Any',3,0,'Onsite',70,'Economics Research','Economics/Statistics',38,3),
(39,21,'Fabrication or welding basics useful; safety compliance required.','Any',3,0,'Onsite',60,'Welding Engineering','Mechanical',39,3),
(40,20,'Clinical diagnostics knowledge and lab etiquette needed.','Any',2,0,'Onsite',60,'Diagnostics','Life Sciences',40,2),
(41,22,'Interviewing and qualitative research experience valuable.','Any',2,0,'Field',65,'Field Research','Sociology/Anthropology',41,3),
(42,21,'Physical prototyping skills and CAD experience preferred.','Any',2,0,'Onsite',65,'Industrial Design','Design',42,3),
(43,23,'Credit risk modeling basics and Excel competency required.','Any',3,1,'Onsite',65,'Risk Analytics','Finance/Statistics',43,3),
(44,22,'Polymer lab handling and testing knowledge desired.','Any',3,0,'Onsite',65,'Polymer Chemistry','Chemistry/Material Science',44,3),
(45,21,'Campus coordination and communication skills.','Any',2,0,'Onsite',60,'HR Operations','Any',45,2),
(46,22,'Soil testing basics and field sampling training.','Any',2,0,'Field',60,'Soil Science','Agriculture',46,3),
(47,23,'Supplier contracting and negotiation basics helpful.','Any',3,0,'Onsite',65,'Procurement','Commerce',47,3),
(48,22,'Pharmacovigilance interest and basic regulatory knowledge.','Any',3,0,'Onsite',65,'Pharmacovigilance','Pharmacy/Pharmacology',48,3),
(49,21,'Instructional design mindset and LMS familiarity.','Any',2,0,'Remote',65,'Instructional Design','Education/E-learning',49,3),
(50,22,'Wind farm operations basics and safety compliance required.','Any',3,0,'Onsite',60,'Wind Energy','Mechanical/Electrical',50,3),
(51,21,'Usability research and test moderation skills preferred.','Any',2,0,'Onsite',65,'User Research','Design/Psychology',51,3),
(52,20,'Mobile testing methodology and device familiarity.','Any',2,0,'Onsite',60,'Mobile QA','IT',52,2),
(53,22,'Sustainable packaging research experience desirable.','Any',3,0,'Onsite',65,'Sustainable Packaging','Design/Material Science',53,3),
(54,21,'Farmer engagement experience and community outreach skills.','Any',2,0,'Field',60,'Extension','Agriculture/Social Work',54,2),
(55,22,'Predictive maintenance basics and sensor data understanding.','Any',3,0,'Onsite',65,'Maintenance Engineering','Mechanical',55,3),
(56,22,'Cell culture lab experience and safety procedures required.','Any',3,0,'Onsite',70,'Molecular Biology','Biotech/Biology',56,3),
(57,23,'Vendor coordination and procurement analytics preferred.','Any',3,0,'Remote/Onsite',65,'Supply Chain','Commerce',57,3),
(58,22,'Pharma QC techniques and documentation experience desired.','Any',3,0,'Onsite',70,'Quality Control','Pharmacy/Chemistry',58,3),
(59,21,'Storytelling and short-form content experience helpful.','Any',1,0,'Remote/Onsite',60,'Content Creation','Media',59,2),
(60,24,'Strong microeconomics and survey analysis ability useful.','Any',2,0,'Onsite',65,'Economics Research','Economics',60,4),
(61,22,'Welding and materials understanding required for shop floor support.','Any',3,0,'Onsite',60,'Welding','Mechanical',61,3),
(62,21,'Diagnostics QA procedures and lab hygiene critical.','Any',2,0,'Onsite',60,'Diagnostics','Life Sciences',62,2),
(63,23,'Qualitative research skills and note-taking proficiency required.','Any',2,0,'Field',65,'Field Research','Social Sciences',63,3),
(64,22,'3D CAD and prototyping experience expected.','Any',3,0,'Onsite',65,'Industrial Design','Design/Mechanical',64,3),
(65,24,'NLP familiarity and Python modeling experience preferred.','Any',2,0,'Onsite/Remote',70,'NLP','Computer Science',65,3),
(66,22,'SLA monitoring experience and vendor handling skills.','Any',3,0,'Onsite',60,'Operations','Any',66,2),
(67,21,'Selenium or automated testing basics useful.','Any',2,0,'Onsite',65,'QA Automation','Computer Science',67,3),
(68,24,'Financial modeling basics and investor pitch familiarity.','Any',2,0,'Onsite',65,'IR Research','Finance',68,3),
(69,23,'Sustainability assessments and familiarity with GHG calculators helpful.','Any',2,0,'Onsite',65,'Sustainability','Environmental Science',69,3),
(70,22,'Fixture design and mechanical drawing skills useful.','Any',3,0,'Onsite',65,'Mechanical Design','Mechanical',70,3),
(71,23,'Clinical trial knowledge and consent procedure familiarity.','Any',2,0,'Onsite',70,'Clinical Trials','Life Sciences',71,3),
(72,24,'Public policy research experience and report writing.','Any',2,0,'Onsite',65,'Public Policy','Political Science',72,4),
(73,22,'Embedded and cloud connectivity experience helpful for IoT.','Any',3,0,'Onsite',65,'IoT','Electronics/CS',73,3),
(74,21,'Creative thinking and campaign ideation experience preferred.','Any',2,0,'Onsite',60,'Brand Management','Marketing',74,3),
(75,22,'ETL basics and SQL proficiency required for BI tasks.','Any',3,0,'Onsite',70,'BI','Computer Science/IT',75,3),
(76,20,'Customer handling and store-level UX observation capability.','Any',2,0,'Onsite',55,'Customer Experience','Commerce',76,2),
(77,23,'Power systems fundamentals and SCADA exposure desired.','Any',4,0,'Onsite',65,'Power Systems','Electrical',77,3),
(78,22,'GIS knowledge and mapping skills helpful for urban planning.','Any',3,0,'Onsite',65,'Urban Planning','Civil/Planning',78,3),
(79,21,'Hospitality rotation flexibility and guest-facing skills needed.','Any',2,0,'Onsite',55,'F&B','Hospitality',79,2),
(80,22,'Data pipeline and Spark/SQL experience valuable.','Any',3,0,'Onsite',70,'Data Engineering','Computer Science',80,3),
(81,23,'Maintenance and instrumentation understanding required.','Any',3,0,'Onsite',65,'Maintenance Engineering','Mechanical',81,3),
(82,22,'PCR, aseptic technique and lab documentation experience required.','Any',3,0,'Onsite',70,'Molecular Biology','Biotech',82,3),
(83,21,'Supplier analytics and inventory reconciliation skills beneficial.','Any',2,0,'Onsite',65,'Supply Chain','Commerce',83,3),
(84,23,'Stability study knowledge and documentation best practices.','Any',3,0,'Onsite',70,'Quality Control','Pharmacy',84,3),
(85,20,'Short-form video shoot/edit experience preferred.','Any',1,0,'Remote/Onsite',55,'Content Creation','Media',85,2),
(86,24,'Survey sampling and econometric analysis skills preferred.','Any',2,0,'Onsite',70,'Economics Research','Economics/Statistics',86,4),
(87,22,'Fabrication permits and safety experience required for welding shop.','Any',3,0,'Onsite',60,'Welding','Mechanical',87,3),
(88,21,'Diagnostics test SOP understanding and QC processes required.','Any',2,0,'Onsite',60,'Diagnostics','Life Sciences',88,2),
(89,23,'Interview scheduling and transcription skills useful.','Any',2,0,'Field',65,'Field Research','Social Sciences',89,3),
(90,22,'CAD and 3D printing skills desirable.','Any',3,0,'Onsite',65,'Industrial Design','Design',90,3),
(91,23,'NLP libraries and preprocessing experience needed.','Any',3,0,'Onsite/Remote',70,'NLP','CS',91,3),
(92,21,'SLA and reporting basics for operations support.','Any',2,0,'Onsite',55,'Operations','Any',92,2),
(93,22,'Test automation and scripting ability preferred.','Any',2,0,'Onsite',65,'QA Automation','CS/IT',93,3),
(94,24,'Financial research and presentation skills required.','Any',2,0,'Onsite',65,'IR Research','Finance',94,3),
(95,23,'GHG accounting basics and sustainability reporting interest.','Any',2,0,'Onsite',65,'Sustainability','Environmental Science',95,3),
(96,22,'3D CAD/ Solidworks and prototyping familiarity expected.','Any',3,0,'Onsite',65,'Mechanical Design','Mechanical',96,3),
(97,23,'Clinical trial coordination basics and GCP exposure helpful.','Any',2,0,'Onsite',70,'Clinical Trials','Life Sciences',97,3),
(98,24,'Policy analysis and qualitative coding experience valuable.','Any',2,0,'Remote/Onsite',65,'Public Policy','Social Sciences',98,4),
(99,22,'Connectivity stacks and embedded C familiarity desirable.','Any',3,0,'Onsite',65,'IoT','Electronics/CS',99,3),
(100,21,'Design thinking and rapid prototyping skills required.','Any',2,0,'Onsite',65,'Brand Management','Marketing/Design',100,3);

-- INTERNSHIP_SKILL TABLE

INSERT INTO internship_skill (internship_id, skill_id) VALUES
(1,26),(1,15),(1,4),
(2,17),(2,6),(2,20),
(3,39),(3,31),
(4,31),(4,32),
(5,42),(5,6),
(6,24),(6,23),
(7,41),
(8,34),(8,32),
(9,41),(9,37),
(10,37),(10,48),
(11,19),(11,6),
(12,38),(12,44),
(13,49),(13,43),
(14,33),(14,40),
(15,35),(15,36),
(16,9),(16,32),(16,11),
(17,8),(17,9),
(18,43),(18,48),
(19,24),(19,25),
(20,45),(20,37),
(21,50),(21,28),
(23,31),(23,11),
(24,25),(24,39),
(25,39),(25,29),
(26,37),(26,17),
(27,32),(27,31),
(28,28),(28,1),
(29,29),(29,11),
(30,49),(30,40),
(31,41),(31,37),
(32,41),(32,44),
(33,22),(33,6),
(34,44),
(35,31),
(36,37),
(37,12),(37,17),
(38,11),(38,9),
(39,29),
(40,31),
(41,49),
(42,25),
(43,9),
(44,25),(44,33),
(45,48),(45,37),
(46,46),(46,33),
(47,47),(47,37),
(48,48),(48,32),
(49,49),
(50,50),(50,28),
(51,49),(51,23),
(52,20),
(53,25),(53,44),
(54,33),(54,37),
(55,39),
(56,32),(56,9),
(57,37),
(58,31),
(59,37),
(60,38),(60,11),
(61,29),
(62,31),
(63,49),
(64,25),
(65,8),
(66,41),
(67,6),
(68,42),
(69,40),
(70,39),
(71,32),
(72,49),
(73,1),
(75,6),
(76,41),
(77,11),
(78,31),
(79,37),
(80,9),
(81,39),
(82,32),
(83,37),
(84,31),
(86,11),
(87,29),
(89,49),
(90,25),
(91,8),
(92,41),
(93,6),
(94,42),
(97,32),
(98,49);

-- USER_SKILL TABLE

INSERT INTO user_skill (skill_id, user_id) VALUES
-- Avinash (user 1) - High School Science
(4,1),(5,1),(21,1),

-- Neha (2) - High School Biology
(31,2),(32,2),(43,2),

-- Pranav (3) - B.Tech CS
(2,3),(6,3),(17,3),(5,3),

-- Swarna (4) - M.Tech Data Science
(8,4),(9,4),(11,4),(40,4),

-- Adithya (5) - Mechanical Engg
(29,5),(30,5),(39,5),

-- Meera (6) - MBA
(37,6),(41,6),(44,6),

-- Ravi (7) - Electrical Engg
(28,7),(30,7),(39,7),

-- Isha (8) - LLM
(49,8),(43,8),(40,8),

-- Karthik (9) - Civil Engg
(31,9),(32,9),(29,9),

-- Ananya (10) - B.Tech CS
(2,10),(17,10),(6,10),

-- Sachin (11) - BSc Agriculture
(33,11),(34,11),(40,11),

-- Kavya (12) - Commerce High School
(14,12),(37,12),(41,12),

-- Pooja (13) - MBA HR
(41,13),(43,13),(46,13),

-- Aman (14) - B.Com Finance
(42,14),(37,14),(44,14),

-- Deepika (15) - PhD Biotechnology
(32,15),(9,15),(35,15),

-- Suresh (16) - B.Pharm
(32,16),(35,16),(31,16),

-- Latha (17) - M.Des
(24,17),(25,17),(23,17),

-- Tarun (18) - B.Tech Electronics
(28,18),(15,18),(16,18),

-- Ishita (19) - MA Journalism
(49,19),(43,19),(40,19),

-- Rahul J (20) - Chemical Engg
(5,20),(31,20),(39,20),

-- Neelam (21) - M.Sc Psychology
(49,21),(43,21),(47,21),

-- Manish (22) - 10th grade
(21,22),(49,22),(48,22),

-- Shruti (23) - BCA
(20,23),(6,23),(17,23),

-- Vikram (24) - Mining Engg
(29,24),(30,24),(39,24),

-- Pallavi (25) - MBA Pharma
(35,25),(32,25),(44,25),

-- Rahul S (26) - MSc Environmental
(31,26),(33,26),(40,26),

-- Sakshi (27) - BSc Marine Biology
(31,27),(33,27),(34,27),

-- Aditya P (28) - Textile Engg
(29,28),(30,28),(37,28),

-- Ritu (29) - MA Public Policy
(49,29),(40,29),(44,29),

-- Vikas (30) - Automobile Engg
(29,30),(30,30),(39,30),

-- Anjali (31) - PhD Economics
(11,31),(40,31),(49,31),

-- Sanjay (32) - MBA Ops
(41,32),(44,32),(40,32),

-- Reena (33) - B.Ed
(49,33),(50,33),(23,33),

-- Chirag (34) - B.Tech Civil
(31,34),(29,34),(39,34),

-- Shraddha (35) - B.Sc IT
(20,35),(6,35),(17,35),

-- Aman K (36) - MBA Marketing
(38,36),(41,36),(44,36),

-- Divya (37) - BHM Hospitality
(36,37),(37,37),(44,37),

-- Kumar S (38) - IT & Networking
(6,38),(15,38),(12,38),

-- Mansi (39) - High School Commerce
(41,39),(37,39),(49,39),

-- Rahul B (40) - B.Sc Biotechnology
(9,40),(32,40),(35,40),

-- Nazima (41) - MA Sociology
(49,41),(40,41),(43,41),

-- Yash (42) - B.Sc Statistics
(11,42),(40,42),(5,42),

-- Pooja S (43) - M.Sc Clinical Research
(31,43),(32,43),(34,43),

-- Tarini (44) - 10th grade
(21,44),(50,44),(49,44);

-- STATECOORDINATES TABLE

INSERT INTO statecoordinates(id, latitude, longitude, name)
VALUES      (1,
             0.20490339951338626,
             1.6171976502884178,
             'Andaman and Nicobar Islands'),
            (2,
             0.27773249854060567,
             1.3917255455402784,
             'Andhra Pradesh'),
            (3,
             0.49249700832775994,
             1.6533120031706845,
             'Arunachal Pradesh'),
            (4,
             0.5428811731743323,
             1.346929924958592,
             'Assam'),
            (5,
             0.4380095744097489,
             1.4889944900831744,
             'Bihar'),
            (6,
             0.37138337554411743,
             1.42883299076693,
             'Chhattisgarh'),
            (7,
             0.35222315101572366,
             1.2743853145994477,
             'Dadra and Nagar Haveli and Daman and Diu'),
            (8,
             0.5009810538217043,
             1.3456924865189281,
             'Delhi'),
            (9,
             0.2670231582503685,
             1.2937078547482768,
             'Goa'),
            (10,
             0.38848760221366185,
             1.2425417823968112,
             'Gujarat'),
            (11,
             0.5071717366785282,
             1.3279442333553975,
             'Haryana'),
            (12,
             0.5428811731743323,
             1.346929924958592,
             'Himachal Pradesh'),
            (13,
             0.4120757270543651,
             1.488415040771512,
             'Jharkhand'),
            (14,
             0.2673373175157274,
             1.3214568445257344,
             'Karnataka'),
            (15,
             0.18937695048764475,
             1.331181819117847,
             'Kerala'),
            (16,
             0.17453292519943295,
             1.2740903539558606,
             'Lakshadweep'),
            (17,
             0.40096147037766533,
             1.3728218844119278,
             'Madhya Pradesh'),
            (18,
             0.34472870720765997,
             1.3214568445257344,
             'Maharashtra'),
            (19,
             0.4304627707241255,
             1.638974123365551,
             'Manipur'),
            (20,
             0.4444830006053959,
             1.5946410150356432,
             'Meghalaya'),
            (21,
             0.4042967945782265,
             1.6220671189014821,
             'Mizoram'),
            (22,
             0.45655020705368465,
             1.6504252285878858,
             'Nagaland'),
            (23,
             0.365676148890096,
             1.4852490135083947,
             'Odisha'),
            (24,
             0.20842023795615486,
             1.3929176054193906,
             'Puducherry'),
            (25,
             0.5436194474479258,
             1.314952002403552,
             'Punjab'),
            (26,
             0.47165428640044366,
             1.2953467189158994,
             'Rajasthan'),
            (27,
             0.48054150295159875,
             1.544829318183725,
             'Sikkim'),
            (28,
             0.19420453119866107,
             1.3728218844119278,
             'Tamil Nadu'),
            (29,
             0.31612101543822096,
             1.3791469576211552,
             'Telangana'),
            (30,
             0.4178457855614584,
             1.6054969629830478,
             'Tripura'),
            (31,
             0.5363972750031732,
             1.340053327705734,
             'Chandigarh'),
            (32,
             0.5895408053971486,
             1.3365068186656819,
             'Jammu and Kashmir'),
            (33,
             0.5986409521170469,
             1.3664741219224243,
             'Ladakh'),
            (34,
             0.4685633082951617,
             1.412777706977834,
             'Uttar Pradesh'),
            (35,
             0.524764655538631,
             1.3791469576211552,
             'Uttarakhand'),
            (36,
             0.4011953444974325,
             1.5333590143396183,
             'West Bengal');

-- CITYCOORDINATES TABLE

INSERT INTO citycoordinates(id, name, latitude, longitude)
VALUES      (1,
             'Abu',
             0.42922009629670543,
             1.2689998103042106),
            (2,
             'Ahmadabad',
             0.4020075043760273,
             1.2668181487392174),
            (3,
             'Bally',
             0.39531707557671564,
             1.5417075059283245),
            (4,
             'Banda',
             0.44476807104988836,
             1.402081165768778),
            (5,
             'Barmer',
             0.4494222823885398,
             1.2458741977152856),
            (6,
             'Basti',
             0.47560222116845474,
             1.4486232791552935),
            (7,
             'Betul',
             0.38231437264935786,
             1.3596454242612606),
            (8,
             'Bhadravati',
             0.24155356847601522,
             1.3212481807173853),
            (9,
             'Bhojpur',
             0.4034328565984893,
             1.3542930812218108),
            (10,
             'Bilaspur',
             0.3854268764820811,
             1.4337879805133418),
            (11,
             'Bishnupur',
             0.4027347248976915,
             1.5239681733365265),
            (12,
             'Bokaro',
             0.4130612563053247,
             1.503601150593115),
            (13,
             'Brahmapur',
             0.33711034502270476,
             1.4799373948181584),
            (14,
             'Chamba',
             0.5684537373745532,
             1.328719159543283),
            (15,
             'Chapra',
             0.4500282994899268,
             1.4787738419834957),
            (16,
             'Churu',
             0.4939281783143953,
             1.3081242743697499),
            (17,
             'Daulatabad',
             0.3480671342157802,
             1.3127154599298574),
            (18,
             'Deoria',
             0.4625413405993639,
             1.4622271510472271),
            (19,
             'Doda',
             0.5785039249839539,
             1.3185574647872271),
            (20,
             'Dr. Ambedkar Nagar (Mhow)',
             0.3935717463247213,
             1.3223777965943704),
            (21,
             'Fatehpur',
             0.4526220526838628,
             1.4102260356114182),
            (22,
             'Gonda',
             0.4735660037077947,
             1.4300064338006873),
            (23,
             'Hamirpur',
             0.5529784846735367,
             1.3354677659843277),
            (24,
             'Hugli',
             0.3996803987067014,
             1.5425801705543216),
            (25,
             'Jamalpur',
             0.44156830075456543,
             1.509709802975095),
            (26,
             'Jaunpur',
             0.44913139417987413,
             1.443096403190645),
            (27,
             'Kota',
             0.4363323129985824,
             1.3293591136023477),
            (28,
             'Krishnanagar',
             0.40840704496667307,
             1.5446163880149817),
            (29,
             'Lakhimpur',
             0.48781952593241507,
             1.4096442591940868),
            (30,
             'Mahe',
             0.20422291503058093,
             1.3183635393147832),
            (31,
             'Malda',
             0.43654078288145953,
             1.5383913803495353),
            (32,
             'Merta',
             0.4651302456564888,
             1.2921254228931351),
            (33,
             'Mirzapur-Vindhyachal',
             0.4392411950852396,
             1.4398966328953218),
            (34,
             'Narsinghgarh',
             0.41364303272265607,
             1.345648853287628),
            (35,
             'Nizamabad',
             0.325886908305019,
             1.3629954867977272),
            (36,
             'Nowgong',
             0.4373358773184791,
             1.3864556208266179),
            (37,
             'Pali',
             0.4497131705972056,
             1.279908118129175),
            (38,
             'Partapgarh',
             0.4519869467616093,
             1.4302100555467534),
            (39,
             'Patan',
             0.4162610266006476,
             1.2588187230009102),
            (40,
             'Puducherry',
             0.2079850691959909,
             1.3930636313001405),
            (41,
             'Pusa',
             0.45139547407065567,
             1.4971434323607358),
            (42,
             'Rajgarh',
             0.41946079689597054,
             1.3418673065749738),
            (43,
             'Rampur',
             0.5026548245743669,
             1.3788101090755203),
            (44,
             'Rewa',
             0.4281874431559422,
             1.4189526818713898),
            (45,
             'Sagar',
             0.4159701383919818,
             1.373865009528203),
            (46,
             'Sarangpur',
             0.41131592705333025,
             1.3345951013583306),
            (47,
             'Satara',
             0.3087148077201193,
             1.2916503054856479),
            (48,
             'Shahpura',
             0.47804083398443575,
             1.3257472516780817),
            (49,
             'Siuri',
             0.4173082241518442,
             1.5276333647657145),
            (50,
             'Siwan',
             0.45756715223118,
             1.4724761122658827),
            (51,
             'Sultanpur',
             0.45829437275284435,
             1.432430502206235),
            (52,
             'Udayagiri',
             0.25947228212982365,
             1.384336985040169),
            (53,
             'Una',
             0.5492211786449378,
             1.3311820130433196),
            (54,
             'Port Blair',
             0.2036508348868717,
             1.6185795632050524),
            (55,
             'Adoni',
             0.2726979993504918,
             1.3486692425209403),
            (56,
             'Amaravati',
             0.28820718900918585,
             1.4052760879272896),
            (57,
             'Anantapur',
             0.25621433419276757,
             1.3543561070003551),
            (58,
             'Chandragiri',
             0.2370738900625631,
             1.384336985040169),
            (59,
             'Chittoor',
             0.23066465319829502,
             1.3805215013698369),
            (60,
             'Dowlaiswaram',
             0.28914287941372724,
             1.4221524521667128),
            (61,
             'Eluru',
             0.291673606829119,
             1.4155153528723232),
            (62,
             'Guntur',
             0.28450321248550897,
             1.4039913316723496),
            (63,
             'Kadapa',
             0.2524909651218463,
             1.3756103387801972),
            (64,
             'Kakinada',
             0.2961145001480824,
             1.4356205762279355),
            (65,
             'Kurnool',
             0.27634379823243554,
             1.362229481181574),
            (66,
             'Machilipatnam',
             0.28216156240574997,
             1.4160437997847328),
            (67,
             'Rajahmundry',
             0.2964150846303703,
             1.4273884399226957),
            (68,
             'Srikakulam',
             0.3193952531149623,
             1.4643312424232426),
            (69,
             'Tirupati',
             0.23823744289722598,
             1.3860823142921634),
            (70,
             'Vijayawada',
             0.28831384801902993,
             1.40726867215665),
            (71,
             'Visakhapatnam',
             0.3089959996551627,
             1.4538204818167877),
            (72,
             'Vizianagaram',
             0.3161809384092061,
             1.455711255173115),
            (73,
             'Yemmiganur',
             0.27459846898044116,
             1.3523392820869395),
            (74,
             'Itanagar',
             0.4729842272904633,
             1.6339772457170911),
            (75,
             'Dhuburi',
             0.4540764937271914,
             1.5707963267948966),
            (76,
             'Dibrugarh',
             0.4796746560897749,
             1.6580627893946132),
            (77,
             'Dispur',
             0.4562242183345066,
             1.602081353636895),
            (78,
             'Guwahati',
             0.4567914503414049,
             1.6012668666526308),
            (79,
             'Jorhat',
             0.46687557490848314,
             1.6443910435873244),
            (80,
             'Nagaon',
             0.459899106037317,
             1.6175663026115337),
            (81,
             'Sivasagar',
             0.4709480098298033,
             1.6516632488039673),
            (82,
             'Silchar',
             0.4331325427032594,
             1.6196655458507379),
            (83,
             'Tezpur',
             0.4648393574478231,
             1.6196655458507379),
            (84,
             'Tinsukia',
             0.4799655442984406,
             1.6644671781220701),
            (85,
             'Barauni',
             0.44446748656760043,
             1.500755294285002),
            (86,
             'Begusarai',
             0.44360451821522545,
             1.5033102623844492),
            (87,
             'Bettiah',
             0.4677724802185358,
             1.4748516993033194),
            (88,
             'Bhagalpur',
             0.4406956361285682,
             1.5184364492350666),
            (89,
             'Bihar Sharif',
             0.439769641997649,
             1.492571639347873),
            (90,
             'Bodh Gaya',
             0.4310090587799997,
             1.4833795719540364),
            (91,
             'Buxar',
             0.4461158530833728,
             1.46573720209846),
            (92,
             'Darbhanga',
             0.45669448760518294,
             1.499237827463129),
            (93,
             'Dehri',
             0.43487787195525385,
             1.4692763419705597),
            (94,
             'Dinapur Nizamat',
             0.4471969875922471,
             1.4842570847168446),
            (95,
             'Hajipur',
             0.4484187180686431,
             1.487165966803502),
            (96,
             'Katihar',
             0.44564073567588547,
             1.5286175365383667),
            (97,
             'Motihari',
             0.4651302456564888,
             1.4820754231518514),
            (98,
             'Munger',
             0.4429839567034052,
             1.509098937736897),
            (99,
             'Muzaffarpur',
             0.4559236338522187,
             1.4903463445515803),
            (100,
             'Patna',
             0.4468042885105484,
             1.4852751934471744),
            (101,
             'Purnia',
             0.44991194420646047,
             1.526746155729284),
            (102,
             'Saharsa',
             0.45174938805786563,
             1.5114551322270893),
            (103,
             'Samastipur',
             0.45139547407065567,
             1.4971628249079802),
            (104,
             'Sasaram',
             0.43545964837258516,
             1.4666583480925681),
            (105,
             'Sitamarhi',
             0.4642575810304917,
             1.491965622246486),
            (106,
             'Chandigarh',
             0.5366887449882564,
             1.3401219773229793),
            (107,
             'Bhilai',
             0.37030068963146356,
             1.4204071229147186),
            (108,
             'Dhamtari',
             0.3615740433714919,
             1.4233160050013756),
            (109,
             'Durg',
             0.36971891321413214,
             1.4186617936627242),
            (110,
             'Jagdalpur',
             0.33481232817424555,
             1.4297155455920216),
            (111,
             'Raipur',
             0.37088246604879505,
             1.4247704460447046),
            (112,
             'Rajnandgaon',
             0.36826447217080355,
             1.4142984705327384),
            (113,
             'Silvassa',
             0.3537200617375174,
             1.2743812421645262),
            (114,
             'Delhi',
             0.49933869899557776,
             1.3479177813152208),
            (115,
             'New Delhi',
             0.49940657291093304,
             1.3475493229175775),
            (116,
             'Madgaon',
             0.26657480255807836,
             1.2908115778173286),
            (117,
             'Panaji',
             0.2705066415118767,
             1.2885378016529245),
            (118,
             'Amreli',
             0.37699111843077515,
             1.2429653156286282),
            (119,
             'Bharuch',
             0.37894491756564663,
             1.273969150535583),
            (120,
             'Bhavnagar',
             0.3799000005174324,
             1.2592550553139088),
            (121,
             'Bhuj',
             0.4057890510886816,
             1.2159127122227162),
            (122,
             'Dwarka',
             0.3882727327901941,
             1.203695407458756),
            (123,
             'Gandhinagar',
             0.40531878181800535,
             1.2679817015738803),
            (124,
             'Godhra',
             0.3975375222361973,
             1.2849162434550363),
            (125,
             'Jamnagar',
             0.3921173052813927,
             1.2228940292306936),
            (126,
             'Junagadh',
             0.3755948550291797,
             1.2298123204601266),
            (127,
             'Kandla',
             0.4020075043760273,
             1.2255120231086851),
            (128,
             'Khambhat',
             0.3892084231947355,
             1.2673999251565489),
            (129,
             'Kheda',
             0.39706240482870997,
             1.2685634779912118),
            (130,
             'Mahesana',
             0.4118977034706618,
             1.2636183784438946),
            (131,
             'Morbi',
             0.3982259576633729,
             1.2362748868293167),
            (132,
             'Nadiad',
             0.39589885199404706,
             1.2717632482865346),
            (133,
             'Navsari',
             0.365646478292812,
             1.2729268011211978),
            (134,
             'Palanpur',
             0.4217879025652963,
             1.264200154861226),
            (135,
             'Porbandar',
             0.3775147172063734,
             1.2147491593880533),
            (136,
             'Rajkot',
             0.3892084231947355,
             1.2354022222033196),
            (137,
             'Surendranagar',
             0.3964806284113785,
             1.2516919618886),
            (138,
             'Valsad',
             0.35971235883603137,
             1.2728007495641092),
            (139,
             'Veraval',
             0.3650647018754806,
             1.2281300169866765),
            (140,
             'Ambala',
             0.5302892043976104,
             1.3401219773229793),
            (141,
             'Bhiwani',
             0.5023639363657012,
             1.3287773371850162),
            (142,
             'Chandigarh',
             0.5366887449882564,
             1.3401219773229793),
            (143,
             'Faridabad',
             0.4960419659640328,
             1.3492752596223272),
            (144,
             'Firozpur Jhirka',
             0.4849833658979243,
             1.3429678336310924),
            (145,
             'Gurugram',
             0.4966528312022308,
             1.3444077302639876),
            (146,
             'Hansi',
             0.5078908123303499,
             1.325868455098359),
            (147,
             'Jind',
             0.5116723590430042,
             1.331977107480339),
            (148,
             'Kaithal',
             0.5201323577783658,
             1.3334267003868567),
            (149,
             'Karnal',
             0.518120381001761,
             1.3437095985631902),
            (150,
             'Kurukshetra',
             0.5230024547705341,
             1.3410576677275208),
            (151,
             'Panipat',
             0.5129086339298335,
             1.3433799252600354),
            (152,
             'Pehowa',
             0.5233078873896331,
             1.3366313188189907),
            (153,
             'Rewari',
             0.49189196085373516,
             1.337213095236322),
            (154,
             'Rohtak',
             0.5042401653115951,
             1.3365682930404463),
            (155,
             'Sirsa',
             0.5154539057556586,
             1.3092878272044128),
            (156,
             'Sonipat',
             0.5059709501531562,
             1.3442865268437103),
            (157,
             'Dharmshala',
             0.5622626666667844,
             1.3320110444380167),
            (158,
             'Kullu',
             0.5576326960121882,
             1.3459397414962937),
            (159,
             'Nahan',
             0.5331980864842676,
             1.3491395117916167),
            (160,
             'Shimla',
             0.5428555750119697,
             1.346909368858513),
            (161,
             'Anantnag',
             0.5887577343394205,
             1.3116149328737388),
            (162,
             'Baramula',
             0.596868667224383,
             1.2978947056983388),
            (163,
             'Gulmarg',
             0.5942846103040691,
             1.2982340752751154),
            (164,
             'Jammu',
             0.5713044418194771,
             1.306669833326421),
            (165,
             'Kathua',
             0.5652248782583636,
             1.3180193216011955),
            (166,
             'Rajouri',
             0.5826490819574404,
             1.2970705224404524),
            (167,
             'Srinagar',
             0.594982742004867,
             1.305331747566559),
            (168,
             'Udhampur',
             0.5744945158411778,
             1.311474336906217),
            (169,
             'Chaibasa',
             0.39386263453338705,
             1.4977833864198005),
            (170,
             'Deoghar',
             0.42731477852994504,
             1.5132004614790837),
            (171,
             'Dhanbad',
             0.41538351383783934,
             1.5084977687723213),
            (172,
             'Dumka',
             0.42615122569528213,
             1.524254213408381),
            (173,
             'Giridih',
             0.422078790773962,
             1.5062191444711064),
            (174,
             'Hazaribag',
             0.4185881322699734,
             1.48963851657716),
            (175,
             'Jamshedpur',
             0.39780416976080757,
             1.5041974714208797),
            (176,
             'Jharia',
             0.41454478616951984,
             1.5083183877103108),
            (177,
             'Rajmahal',
             0.43720497762457955,
             1.5329808596683527),
            (178,
             'Ranchi',
             0.4078252685493417,
             1.4893476283684943),
            (179,
             'Saraikela',
             0.3964806284113785,
             1.4996838560497499),
            (180,
             'Badami',
             0.27785641691749724,
             1.3208700260461197),
            (181,
             'Ballari',
             0.26354471705114374,
             1.3424490829923053),
            (182,
             'Bengaluru',
             0.2265243443616196,
             1.354230055443267),
            (183,
             'Belagavi',
             0.27663468644110123,
             1.3002702927357754),
            (184,
             'Bidar',
             0.3126224059898621,
             1.3529792361460042),
            (185,
             'Chikkamagaluru',
             0.2323566529453673,
             1.3218590459555832),
            (186,
             'Chitradurga',
             0.2484185302005262,
             1.3334315485236679),
            (187,
             'Davangere',
             0.2524909651218463,
             1.3251266901662613),
            (188,
             'Halebid',
             0.2306598050614839,
             1.3262999392745465),
            (189,
             'Hubballi-Dharwad',
             0.2689503895955151,
             1.3100877697782436),
            (190,
             'Kalaburagi',
             0.3024461668233729,
             1.3408491978446437),
            (191,
             'Kolar',
             0.2292199084285886,
             1.3636839222249029),
            (192,
             'Madikeri',
             0.21678443750812898,
             1.3219075273236942),
            (193,
             'Mandya',
             0.21845704470795693,
             1.3421581947836394),
            (194,
             'Mangaluru',
             0.22518141046494616,
             1.305947460941568),
            (195,
             'Mysuru',
             0.21482579023644652,
             1.3378482011585757),
            (196,
             'Raichur',
             0.28274333882308134,
             1.3503030646262795),
            (197,
             'Shivamogga',
             0.24318254244454324,
             1.3188871380903817),
            (198,
             'Shravanabelagola',
             0.22442994925922638,
             1.3349829523032182),
            (199,
             'Shrirangapattana',
             0.21666323408785162,
             1.3387354101950062),
            (200,
             'Tumakuru',
             0.23271056693257727,
             1.345648853287628),
            (201,
             'Vijayapura',
             0.2318379023065801,
             1.3578661580515883),
            (202,
             'Alappuzha',
             0.16551539073079558,
             1.332267995689005),
            (203,
             'Vatakara',
             0.201886113087633,
             1.319478610781335),
            (204,
             'Idukki',
             0.17191493132144145,
             1.3427399712009709),
            (205,
             'Kannur',
             0.20715118966448257,
             1.3152025541139492),
            (206,
             'Kochi',
             0.1739511487821015,
             1.3313953310630078),
            (207,
             'Kollam',
             0.15504341521882958,
             1.3369222070276563),
            (208,
             'Kottayam',
             0.16745949359204482,
             1.334924774661485),
            (209,
             'Kozhikode',
             0.19634954084936207,
             1.3223777965943704),
            (210,
             'Mattancheri',
             0.17387842672993503,
             1.3308862766978427),
            (211,
             'Palakkad',
             0.18805922690238902,
             1.337814264200898),
            (212,
             'Thiruvananthapuram',
             0.1481348202630187,
             1.3430744926409364),
            (213,
             'Thrissur',
             0.18355045966807032,
             1.3302317782283448),
            (214,
             'Kargil',
             0.603176093215618,
             1.3286415893543053),
            (215,
             'Leh',
             0.5962771945334294,
             1.3541088520229894),
            (216,
             'Balaghat',
             0.38048177693476387,
             1.3994631718907866),
            (217,
             'Barwani',
             0.38455421185608396,
             1.3072516097437528),
            (218,
             'Bharhut',
             0.42667967260769146,
             1.41103082632206),
            (219,
             'Bhind',
             0.46353520864563846,
             1.3750964362782212),
            (220,
             'Bhopal',
             0.4057890510886816,
             1.3511757292522768),
            (221,
             'Burhanpur',
             0.3717551306747922,
             1.3305226664370104),
            (222,
             'Chhatarpur',
             0.4284783313646079,
             1.3849672428256112),
            (223,
             'Chhindwara',
             0.38513598827341533,
             1.3776465562408575),
            (224,
             'Damoh',
             0.4159701383919818,
             1.386664090709495),
            (225,
             'Datia',
             0.4479678413452112,
             1.3695016863982172),
            (226,
             'Dewas',
             0.4008439515413643,
             1.3276137843503533),
            (227,
             'Dhar',
             0.3944104739930408,
             1.3143008006670855),
            (228,
             'Gwalior',
             0.45764957055696864,
             1.3644644722514891),
            (229,
             'Hoshangabad',
             0.39706240482870997,
             1.35641171700826),
            (230,
             'Indore',
             0.3964806284113785,
             1.323783756269588),
            (231,
             'Itarsi',
             0.39473529915938416,
             1.3569934934255912),
            (232,
             'Jabalpur',
             0.404334610045353,
             1.3950998487608006),
            (233,
             'Jhabua',
             0.39735329303737565,
             1.3020156219877697),
            (234,
             'Khajuraho',
             0.43371431912059094,
             1.3949544046564681),
            (235,
             'Khandwa',
             0.38077266514342956,
             1.3325588838976705),
            (236,
             'Khargone',
             0.3808308427851627,
             1.3197937396740564),
            (237,
             'Maheshwar',
             0.38600865289941255,
             1.3151055913777272),
            (238,
             'Mandla',
             0.39444441095071847,
             1.4029538303947753),
            (239,
             'Mandsaur',
             0.4201346879127128,
             1.3101992769248987),
            (240,
             'Morena',
             0.4625122517784973,
             1.361356816555577),
            (241,
             'Murwara',
             0.4098614860100017,
             1.403244718603441),
            (242,
             'Narsimhapur',
             0.40051912637502096,
             1.3822135011169094),
            (243,
             'Narwar',
             0.4418591889632311,
             1.3607750401382457),
            (244,
             'Neemuch',
             0.4271935751096676,
             1.3067280109681543),
            (245,
             'Orchha',
             0.44244096538056255,
             1.3724105684848746),
            (246,
             'Raisen',
             0.4072434921320102,
             1.3578661580515883),
            (247,
             'Ratlam',
             0.4072531884056324,
             1.3096417411916228),
            (248,
             'Satna',
             0.4293606922642273,
             1.4107884194815052),
            (249,
             'Sehore',
             0.40491638646268446,
             1.3453579650789622),
            (250,
             'Seoni',
             0.3854268764820811,
             1.3881185317528233),
            (251,
             'Shahdol',
             0.4063708275060131,
             1.419825346497387),
            (252,
             'Shajapur',
             0.40898882138400455,
             1.331104442854342),
            (253,
             'Sheopur',
             0.4479678413452112,
             1.3386675362796507),
            (254,
             'Shivpuri',
             0.44389540642389114,
             1.355248164173597),
            (255,
             'Ujjain',
             0.404334610045353,
             1.322668684803036),
            (256,
             'Vidisha',
             0.4107341506359989,
             1.3581570462602541),
            (257,
             'Ahmadnagar',
             0.3330669989222512,
             1.3043427276570956),
            (258,
             'Akola',
             0.3612831551628262,
             1.3439035240356338),
            (259,
             'Amravati',
             0.36522469039024674,
             1.3572504446765792),
            (260,
             'Aurangabad',
             0.3470296329382058,
             1.3145238149603957),
            (261,
             'Bhandara',
             0.36942802500546645,
             1.3901547492134836),
            (262,
             'Bhusawal',
             0.3673918075448063,
             1.3223777965943704),
            (263,
             'Buldhana',
             0.3583645768025468,
             1.3296403055373913),
            (264,
             'Chandrapur',
             0.34819318577286873,
             1.3839927673265813),
            (265,
             'Dhule',
             0.36476896553000376,
             1.3049778335793492),
            (266,
             'Jalgaon',
             0.3665870168341645,
             1.3189113787744369),
            (267,
             'Kalyan',
             0.3356849928002427,
             1.2764174596251865),
            (268,
             'Kolhapur',
             0.2913245409787202,
             1.295616081397124),
            (269,
             'Mahabaleshwar',
             0.3128502684199836,
             1.2855658937877232),
            (270,
             'Malegaon',
             0.3586651612848347,
             1.3011429573617725),
            (271,
             'Matheran',
             0.33137984731199005,
             1.2787639578417564),
            (272,
             'Mumbai',
             0.3329409473651627,
             1.2719523256221674),
            (273,
             'Nagpur',
             0.36913228865998965,
             1.3802160687507379),
            (274,
             'Nanded',
             0.3342305517569141,
             1.3491395117916167),
            (275,
             'Nashik',
             0.3490658503988659,
             1.2877620997631494),
            (276,
             'Osmanabad',
             0.3197346226917389,
             1.3277349877706306),
            (277,
             'Pandharpur',
             0.30853542665810874,
             1.3147177404328394),
            (278,
             'Parbhani',
             0.3361358695236746,
             1.3401171291861682),
            (279,
             'Pune',
             0.32323982560616094,
             1.2890420078812783),
            (280,
             'Ratnagiri',
             0.29660901010281415,
             1.2793263417118435),
            (281,
             'Sangli',
             0.2941413084659666,
             1.301719885642293),
            (282,
             'Sevagram',
             0.3619134129482686,
             1.3729196228500395),
            (283,
             'Solapur',
             0.30857421175259747,
             1.325053968114095),
            (284,
             'Thane',
             0.3350547350148003,
             1.2736055402747513),
            (285,
             'Ulhasnagar',
             0.3353941045915769,
             1.2767083478338521),
            (286,
             'Vasai-Virar',
             0.3397574277215628,
             1.270599695451872),
            (287,
             'Wardha',
             0.3620103756844905,
             1.3719257548037649),
            (288,
             'Yavatmal',
             0.35313828532018604,
             1.36252036939024),
            (289,
             'Imphal',
             0.43297255418849334,
             1.6395332105026066),
            (290,
             'Cherrapunji',
             0.4412871088195218,
             1.6008353824764434),
            (291,
             'Shillong',
             0.4464940077546382,
             1.603860619846567),
            (292,
             'Aizawl',
             0.4141181501301434,
             1.6182304973546535),
            (293,
             'Lunglei',
             0.3993895104980357,
             1.6185019930160751),
            (294,
             'Kohima',
             0.4479678413452112,
             1.642354826126664),
            (295,
             'Phek',
             0.4479678413452112,
             1.6493361431346414),
            (296,
             'Wokha',
             0.45553093477052004,
             1.645263708213321),
            (297,
             'Zunheboto',
             0.45320382910119417,
             1.649627031343307),
            (298,
             'Balangir',
             0.3615740433714919,
             1.4570590372065992),
            (299,
             'Baleshwar',
             0.37495490097011513,
             1.5172728964004039),
            (300,
             'Baripada',
             0.38280888260408963,
             1.5134913496877493),
            (301,
             'Bhubaneshwar',
             0.3537200617375174,
             1.498074274628466),
            (302,
             'Cuttack',
             0.3582045882877806,
             1.4972840283282576),
            (303,
             'Dhenkanal',
             0.36070137874549474,
             1.494001839707146),
            (304,
             'Kendujhar',
             0.37757289484810663,
             1.4937109514984803),
            (305,
             'Konark',
             0.34716053263210545,
             1.5027333341039286),
            (306,
             'Koraput',
             0.3291012230107752,
             1.4439933085006973),
            (307,
             'Paradip',
             0.35458303008989245,
             1.511629665152289),
            (308,
             'Phulabani',
             0.3572107202415061,
             1.470149006596557),
            (309,
             'Puri',
             0.34575942109369884,
             1.4980403376707885),
            (310,
             'Sambalpur',
             0.3746640127614494,
             1.4654947952579054),
            (311,
             'Karaikal',
             0.19081296861109118,
             1.393330278824751),
            (312,
             'Yanam',
             0.2920517615003845,
             1.4349515333480045),
            (313,
             'Amritsar',
             0.5521058200475395,
             1.306669833326421),
            (314,
             'Batala',
             0.5553395273005401,
             1.3125360788678468),
            (315,
             'Chandigarh',
             0.5366887449882564,
             1.3401219773229793),
            (316,
             'Firozpur',
             0.5395976270749135,
             1.3020156219877697),
            (317,
             'Gurdaspur',
             0.5590871370555169,
             1.3159782560037245),
            (318,
             'Hoshiarpur',
             0.5503604907955453,
             1.324995790472362),
            (319,
             'Jalandhar',
             0.5455365946685053,
             1.3167345653462554),
            (320,
             'Kapurthala',
             0.5477424969175537,
             1.315687367795059),
            (321,
             'Ludhiana',
             0.5395976270749135,
             1.3238322376376987),
            (322,
             'Nabha',
             0.5299983161889448,
             1.329068225393682),
            (323,
             'Patiala',
             0.5294165397716133,
             1.333140660315002),
            (324,
             'Rupnagar',
             0.5404654435640996,
             1.3357538060561824),
            (325,
             'Sangrur',
             0.5279717950019068,
             1.323730426764666),
            (326,
             'Ajmer',
             0.46163958715250014,
             1.3027137536885676),
            (327,
             'Alwar',
             0.48083336078762673,
             1.3375427685394765),
            (328,
             'Beawar',
             0.45553093477052004,
             1.2970705224404524),
            (329,
             'Bhilwara',
             0.44244096538056255,
             1.3025973984051014),
            (330,
             'Bikaner',
             0.48898307876707797,
             1.2795348115947205),
            (331,
             'Bundi',
             0.44389540642389114,
             1.3200506909250447),
            (332,
             'Chittaurgarh',
             0.4342960955379223,
             1.3025973984051014),
            (333,
             'Dhaulpur',
             0.4660029102824859,
             1.3596114873035827),
            (334,
             'Dungarpur',
             0.4159701383919818,
             1.2865985469284866),
            (335,
             'Ganganagar',
             0.5221443345549702,
             1.2895074290151438),
            (336,
             'Hanumangarh',
             0.5163265703816557,
             1.2970705224404524),
            (337,
             'Jaipur',
             0.46949356878647464,
             1.3229595730117016),
            (338,
             'Jaisalmer',
             0.46972143121659615,
             1.237700239051779),
            (339,
             'Jalor',
             0.44244096538056255,
             1.2673999251565489),
            (340,
             'Jhalawar',
             0.42906010778193937,
             1.3293591136023477),
            (341,
             'Jhunjhunu',
             0.49101929622773804,
             1.3159782560037245),
            (342,
             'Jodhpur',
             0.45873070506584296,
             1.2743812421645262),
            (343,
             'Kishangarh',
             0.4636758046131602,
             1.306669833326421),
            (344,
             'Nagaur',
             0.47472955654245763,
             1.2868894351371523),
            (345,
             'Nathdwara',
             0.4351687601639195,
             1.2883438761804809),
            (346,
             'Phalodi',
             0.47352721861330593,
             1.2629881206584521),
            (347,
             'Pushkar',
             0.46229893375880915,
             1.3012447682348056),
            (348,
             'Sawai Madhopur',
             0.45349471730985996,
             1.3328497721063362),
            (349,
             'Sikar',
             0.48200176175910064,
             1.3116149328737388),
            (350,
             'Sirohi',
             0.43432518435878886,
             1.2716905262343683),
            (351,
             'Udaipur',
             0.42906010778193937,
             1.2860167705111551),
            (352,
             'Gangtok',
             0.4770566622117834,
             1.5466526054756415),
            (353,
             'Gyalshing',
             0.4761839975857863,
             1.5405439530936613),
            (354,
             'Lachung',
             0.48328166987722987,
             1.548911837229612),
            (355,
             'Arcot',
             0.2252298918330571,
             1.3844630365972574),
            (356,
             'Chennai',
             0.22833269939215814,
             1.4010630570384481),
            (357,
             'Chidambaram',
             0.19908873814763095,
             1.3908722734615255),
            (358,
             'Cuddalore',
             0.20507618710933373,
             1.3919000784654778),
            (359,
             'Dharmapuri',
             0.21155329788895713,
             1.3641202545379016),
            (360,
             'Dindigul',
             0.1806415775814131,
             1.3604841519295798),
            (361,
             'Kanchipuram',
             0.22372696942161754,
             1.3909352992400699),
            (362,
             'Kanniyakumari',
             0.14116804766547472,
             1.3533040613123475),
            (363,
             'Kodaikanal',
             0.17860536012075304,
             1.3523392820869395),
            (364,
             'Kumbakonam',
             0.19129293415538962,
             1.3855199304220764),
            (365,
             'Madurai',
             0.1732287763972483,
             1.363446363521159),
            (366,
             'Mamallapuram',
             0.22019752582314014,
             1.3997443638258302),
            (367,
             'Nagappattinam',
             0.18792347907167833,
             1.3935581412548723),
            (368,
             'Nagercoil',
             0.1428261104548693,
             1.3510933109264882),
            (369,
             'Palayamkottai',
             0.1521345331321724,
             1.3567026052169255),
            (370,
             'Pudukkottai',
             0.18122335399874454,
             1.3753194505715316),
            (371,
             'Ramanathapuram',
             0.16343069190202458,
             1.376007885998707),
            (372,
             'Tiruchchirappalli',
             0.18832587442699927,
             1.3736565396453262),
            (373,
             'Tirunelveli',
             0.15208120362725033,
             1.3571098487090574),
            (374,
             'Tiruppur',
             0.19388183921251453,
             1.3498570360396587),
            (375,
             'Thoothukudi',
             0.15296356452686968,
             1.3637081629089582),
            (376,
             'Udhagamandalam',
             0.19925842293601928,
             1.3386675362796507),
            (377,
             'Vellore',
             0.2254335135791231,
             1.3811226703344126),
            (378,
             'Khammam',
             0.3010208146009109,
             1.3989056361575105),
            (379,
             'Mahbubnagar',
             0.29232325716180585,
             1.3614198423341213),
            (380,
             'Sangareddi',
             0.3076918508529781,
             1.3629567017032387),
            (381,
             'Warangal',
             0.3136162740361366,
             1.3891802737144532),
            (382,
             'Agartala',
             0.4159701383919818,
             1.593194718862157),
            (383,
             'Agra',
             0.47443866833379195,
             1.3616477047642428),
            (384,
             'Aligarh',
             0.4866559730977522,
             1.3628112575989055),
            (385,
             'Ayodhya',
             0.46774823953448036,
             1.4346606451393389),
            (386,
             'Azamgarh',
             0.45497339903724404,
             1.4518327457242384),
            (387,
             'Bahraich',
             0.48127454123743635,
             1.4240820106175287),
            (388,
             'Ballia',
             0.44960166345055036,
             1.4686412360483065),
            (389,
             'Bara Banki',
             0.4697844569951404,
             1.4172073526193958),
            (390,
             'Bareilly',
             0.4950432497809472,
             1.386053225471297),
            (391,
             'Bijnor',
             0.5125450236690015,
             1.3636839222249029),
            (392,
             'Bithur',
             0.4644805953238021,
             1.401009727533526),
            (393,
             'Budaun',
             0.48956485518440945,
             1.3808463265361803),
            (394,
             'Bulandshahr',
             0.4957947109866669,
             1.3587339745407743),
            (395,
             'Etah',
             0.48229264996776633,
             1.372992344902206),
            (396,
             'Etawah',
             0.4671664631171488,
             1.3793918854928517),
            (397,
             'Faizabad',
             0.467277970263804,
             1.4337201065979863),
            (398,
             'Farrukhabad-cum-Fatehgarh',
             0.47763843862911487,
             1.3898638610048177),
            (399,
             'Fatehpur Sikri',
             0.47282908691250825,
             1.3554420896460408),
            (400,
             'Ghaziabad',
             0.5003277189050411,
             1.3511757292522768),
            (401,
             'Ghazipur',
             0.4465134003018826,
             1.458513478249928),
            (402,
             'Gorakhpur',
             0.46711313361222684,
             1.4556724700786263),
            (403,
             'Hardoi',
             0.478511103255112,
             1.3982996190561234),
            (404,
             'Hathras',
             0.48171087355043496,
             1.362229481181574),
            (405,
             'Jalaun',
             0.4564035993965171,
             1.3849187614575005),
            (406,
             'Jhansi',
             0.44416205394850145,
             1.3713003451551335),
            (407,
             'Kannauj',
             0.4724024508731318,
             1.3948089605521352),
            (408,
             'Kanpur',
             0.46163958715250014,
             1.4020569250847226),
            (409,
             'Lucknow',
             0.46862090416047747,
             1.4128440294894098),
            (410,
             'Mainpuri',
             0.47531133295978906,
             1.379100997284186),
            (411,
             'Mathura',
             0.47983464460454106,
             1.3556602558025401),
            (412,
             'Meerut',
             0.5058545948696899,
             1.35641171700826),
            (413,
             'Moradabad',
             0.5032366009916983,
             1.375028562362866),
            (414,
             'Muzaffarnagar',
             0.514557000445606,
             1.356120828799594),
            (415,
             'Pilibhit',
             0.49962958720424344,
             1.3928745539645078),
            (416,
             'Prayagraj',
             0.44393903965519105,
             1.4284889669788146),
            (417,
             'Rae Bareli',
             0.4576883556514574,
             1.4179103324570044),
            (418,
             'Saharanpur',
             0.5229685178128565,
             1.353434961006247),
            (419,
             'Sambhal',
             0.49887327786171254,
             1.3709561274415458),
            (420,
             'Shahjahanpur',
             0.4866559730977522,
             1.3948089605521352),
            (421,
             'Sitapur',
             0.4811290971331035,
             1.4078989299420925),
            (422,
             'Tehri',
             0.5302892043976104,
             1.369792574606883),
            (423,
             'Varanasi',
             0.4418979740577198,
             1.448846293448604),
            (424,
             'Almora',
             0.5165689772222106,
             1.3903147377282499),
            (425,
             'Dehra Dun',
             0.5296201615176793,
             1.361861022783931),
            (426,
             'Haridwar',
             0.522638844509702,
             1.36420267286369),
            (427,
             'Mussoorie',
             0.5314527572322733,
             1.3628112575989055),
            (428,
             'Nainital',
             0.5129862041188111,
             1.3867368127616613),
            (429,
             'Pithoragarh',
             0.5163265703816557,
             1.400044948308118),
            (430,
             'Alipore',
             0.3933826689890886,
             1.54160084691848),
            (431,
             'Alipur Duar',
             0.4623183263060536,
             1.562539949805601),
            (432,
             'Asansol',
             0.4133521445139904,
             1.518145561026401),
            (433,
             'Baharampur',
             0.4206243497306334,
             1.5402530648849957),
            (434,
             'Balurghat',
             0.44011385971123673,
             1.549270599353633),
            (435,
             'Bankura',
             0.4057890510886816,
             1.5196000020697296),
            (436,
             'Baranagar',
             0.39502618736804995,
             1.5422892823456555),
            (437,
             'Barasat',
             0.3964806284113785,
             1.5443254998063158),
            (438,
             'Barrackpore',
             0.39735329303737565,
             1.5422892823456555),
            (439,
             'Basirhat',
             0.3954431271338041,
             1.5514958941499262),
            (440,
             'Bhatpara',
             0.39909862228937004,
             1.543161946971653),
            (441,
             'Budge Budge',
             0.3923984972164362,
             1.5390604232294662),
            (442,
             'Burdwan',
             0.4054981628800159,
             1.533562636085684),
            (443,
             'Chandernagore',
             0.39909862228937004,
             1.5425801705543216),
            (444,
             'Darjeeling',
             0.47189339650796686,
             1.5404809273151172),
            (445,
             'Diamond Harbour',
             0.3873079535647861,
             1.5392155636074216),
            (446,
             'Dum Dum',
             0.39473529915938416,
             1.543161946971653),
            (447,
             'Durgapur',
             0.41102503884466457,
             1.5239633251997153),
            (448,
             'Halisahar',
             0.40049973382777654,
             1.5431910357925196),
            (449,
             'Haora',
             0.3940953451003196,
             1.5416396320129688),
            (450,
             'Ingraj Bazar',
             0.43654078288145953,
             1.5383913803495353),
            (451,
             'Jalpaiguri',
             0.462803139987163,
             1.5486888229363018),
            (452,
             'Kalimpong',
             0.4724024508731318,
             1.5440346115976502),
            (453,
             'Kamarhati',
             0.39564190074305905,
             1.5423523081241999),
            (454,
             'Kanchrapara',
             0.40047549314372105,
             1.5434528351803187),
            (455,
             'Kharagpur',
             0.38973687010714486,
             1.5240845286199927),
            (456,
             'Kolkata',
             0.39387717894382035,
             1.5423474599873888),
            (457,
             'Midnapore',
             0.39137069221248405,
             1.5240021102942038),
            (458,
             'Murshidabad',
             0.422078790773962,
             1.5405439530936613),
            (459,
             'Nabadwip',
             0.4086979331753388,
             1.5422892823456555),
            (460,
             'Palashi',
             0.4153883619746504,
             1.5402530648849957),
            (461,
             'Panihati',
             0.39589885199404706,
             1.5422892823456555),
            (462,
             'Purulia',
             0.4072434921320102,
             1.5073826973057691),
            (463,
             'Raiganj',
             0.4470951767192141,
             1.53792595921567),
            (464,
             'Santipur',
             0.4057890510886816,
             1.5434528351803187),
            (465,
             'Shantiniketan',
             0.4133521445139904,
             1.5303628657903614),
            (466,
             'Shrirampur',
             0.34242390296766523,
             1.3030676676757775),
            (467,
             'Siliguri',
             0.4662937984911517,
             1.5434528351803187),
            (468,
             'Tamluk',
             0.3892084231947355,
             1.5344353007116815),
            (469,
             'Titagarh',
             0.3967715166200443,
             1.5422892823456555),
            (470,
             'Ara',
             0.44595586456860664,
             1.4776005928752103),
            (471,
             'Gaya',
             0.4319689898685966,
             1.4838207524038458),
            (472,
             'Madhubani',
             0.46018514610917155,
             1.502437597758452),
            (473,
             'Ambikapur',
             0.40346194541935587,
             1.4521139376592822),
            (474,
             'Daman',
             0.35633805561550896,
             1.271472360077869),
            (475,
             'Diu',
             0.3615740433714919,
             1.2388928807073083),
            (476,
             'Okha',
             0.3921173052813927,
             1.20544073671075),
            (477,
             'Hisar',
             0.508763476956347,
             1.3212142437597076),
            (478,
             'Dalhousie',
             0.5678137833154885,
             1.3261593433070247),
            (479,
             'Kangra',
             0.5603040193951019,
             1.3312207981378081),
            (480,
             'Mandi',
             0.5533905763024798,
             1.3427108823801044),
            (481,
             'Punch',
             0.5894025365352962,
             1.2931580760338985),
            (482,
             'Hassan',
             0.22710127264213995,
             1.3276380250344086),
            (483,
             'Guna',
             0.43022366061660217,
             1.3494304000002824),
            (484,
             'Panna',
             0.4235332318172906,
             1.399172283682121),
            (485,
             'Bid',
             0.3313216696702569,
             1.3223777965943704),
            (486,
             'Karli',
             0.3278649481239459,
             1.2823030977138563),
            (487,
             'Mon',
             0.46687557490848314,
             1.6598081186466074),
            (488,
             'Faridkot',
             0.5352343039449278,
             1.304924504074427),
            (489,
             'Amer',
             0.4709480098298033,
             1.3241231258463646),
            (490,
             'Bharatpur',
             0.4750204447511233,
             1.3523392820869395),
            (491,
             'Tonk',
             0.45669448760518294,
             1.322668684803036),
            (492,
             'Mangan',
             0.4802564325071063,
             1.545198164432313),
            (493,
             'Salem',
             0.2033308578573394,
             1.3639748104335687),
            (494,
             'Lalitpur',
             0.4308054370339337,
             1.3686290217722201);

